RegionName,YoY_Price_%,LatestPrice,YoY_Inventory_%,LatestInventory,YoY_Days_%,LatestDays,YoY_Inventory_%_z,YoY_Days_%_z,DemandIndex,GeoLevel
10100,,,50.0,156.0,,,3.833409752663256,,,metro
10140,16.883116883116877,153000.0,-25.812619502868074,388.0,,,-1.0994492308477535,,,metro
10180,,,-10.876132930513593,590.0,-16.069057104913675,,-0.12758488354416248,-0.017456346624349663,0.07252061508425607,metro
10220,6.150793650793651,107000.0,-2.538071065989844,192.0,,,0.41494330824230546,,,metro
10300,9.490196078431378,139600.0,-29.225352112676063,402.0,-8.920187793427225,,-1.3215036701086926,0.6618264490344866,0.329838610537103,metro
10420,3.2482598607888713,133500.0,-10.035842293906805,2761.0,-28.953771289537713,,-0.07291014413103393,-1.241756902592496,0.657333523361765,metro
10460,,,10.152284263959398,868.0,,,1.2406598407111344,,,metro
10500,3.6687631027253698,98900.0,-22.721437740693197,602.0,,,-0.8983169678393121,,,metro
10540,13.748712667353246,220900.0,-1.943844492440605,454.0,,,0.45360752946028404,,,metro
10580,3.6150712830957277,203500.0,-12.707599396074487,3469.0,-20.477137176938363,,-0.24675192811910202,-0.436310409322319,0.34153116872071054,metro
10620,-3.2735775526110733,124100.0,-20.077220077220083,207.0,,,-0.7262670777134554,,,metro
10660,,,-23.77622377622378,109.0,,,-0.9669481641383948,,,metro
10700,,,-17.220543806646525,548.0,,,-0.5403932575409655,,,metro
10740,3.99315459212779,182300.0,-10.530381050463443,3475.0,-6.361323155216281,,-0.10508803171718294,0.9049687767818444,-0.3999403725323307,metro
10780,4.1369472182596345,146000.0,86.60436137071652,599.0,,,6.215126068591258,,,metro
10820,-1.4278914802475007,207100.0,-12.341772151898734,277.0,,,-0.22294884335987974,,,metro
10860,,,,,,,,,,metro
10900,4.416575790621602,191500.0,-20.288842301420917,3422.0,-22.483940042826557,,-0.7400365872832991,-0.6269960410887854,0.6835163141860423,metro
10940,6.690997566909984,87700.0,-13.983050847457623,203.0,,,-0.32974104248085334,,,metro
10980,,,-16.582914572864325,166.0,,,-0.4989049787473172,,,metro
11020,7.314814814814818,115900.0,-6.474820143884896,390.0,,,0.15879297097571582,,,metro
11060,4.409672830725464,73400.0,,,,,,,,metro
11100,4.777594728171342,127200.0,7.097457627118642,1011.0,-19.106699751861044,,1.041893077111328,-0.30609197549443085,-0.3679005508084485,metro
11140,,,,,,,,,,metro
11180,3.331276989512655,167500.0,20.25862068965518,279.0,,,1.8982434033789826,,,metro
11220,4.919786096256695,98100.0,,,,,,,,metro
11260,3.181980693600295,288600.0,1.7662337662337713,1959.0,-14.83870967741936,,0.695009198309603,0.09945078984227283,-0.3972299940759379,metro
11380,2.7007818052594113,144500.0,-20.33898305084746,94.0,,,-0.7432990684885468,,,metro
11420,2.1970705725699036,153500.0,-15.14195583596214,269.0,,,-0.405146890756073,,,metro
11460,8.811475409836067,265500.0,-23.44416027280477,898.0,-25.853658536585368,,-0.9453419665597101,-0.9471853884231853,0.9462636774914477,metro
11500,,,-20.610687022900763,520.0,,,-0.7609778848675014,,,metro
11540,7.971014492753614,163900.0,-14.081996434937615,964.0,-29.44444444444444,,-0.33617908186374246,-1.2883804759013886,0.8122797788825655,metro
11580,10.442477876106192,124800.0,-19.491525423728817,95.0,,,-0.6881579983541878,,,metro
11620,6.256860592755209,96800.0,44.79166666666667,278.0,,,3.494521925795841,,,metro
11660,,,-10.843373493975905,148.0,,,-0.12545334288669213,,,metro
11680,-0.46948356807511304,63600.0,18.8976377952756,151.0,,,1.8096890605668186,,,metro
11700,5.899008966493624,224400.0,-15.39444267007346,2649.0,-19.999999999999996,,-0.4215753159447998,-0.3909730194021126,0.4062741676734562,metro
11740,8.456486042692934,132100.0,-41.47727272727273,103.0,,,-2.1186928064989803,,,metro
11780,-3.584229390681004,80700.0,-11.648745519713266,493.0,,,-0.177856051806105,,,metro
11820,,,-15.403422982885084,346.0,,,-0.42215963313391747,,,metro
11860,3.0599755201958345,84200.0,,,,,,,,metro
11900,,,-12.558139534883717,188.0,,,-0.23702710362703566,,,metro
11940,-5.072463768115942,117900.0,,,,,,,,metro
11980,,,-11.52694610778443,591.0,,,-0.16993099490582492,,,metro
12020,9.5617529880478,165000.0,-25.78268876611418,806.0,-19.13513513513514,,-1.09750174367942,-0.3087938946098109,0.7031478191446154,metro
12060,7.687861271676311,186300.0,-14.568263619526856,24448.0,-21.715817694369978,,-0.36781876752052023,-0.5540093527702203,0.4609140601453703,metro
12100,2.4137931034482696,178200.0,-22.510822510822514,2864.0,-4.078303425774877,,-0.8846129798285493,1.1219004280385632,-0.11864372410500695,metro
12140,2.350965575146935,121900.0,,,,,,,,metro
12180,4.875886524822692,118300.0,-0.6734006734006703,295.0,,,0.536270814898668,,,metro
12220,6.001154068090009,183700.0,-9.753086419753087,731.0,,,-0.05451221957565156,,,metro
12260,4.597701149425282,109200.0,-14.532492459555801,3117.0,-16.182572614107883,,-0.36549126467243365,-0.028242546382146735,0.1968669055272902,metro
12300,9.256449165402113,144000.0,-18.010752688172037,610.0,,,-0.5918093543022156,,,metro
12380,9.141583054626533,97900.0,,,,,,,,metro
12420,6.987399770904923,280200.0,5.327551494502081,6801.0,1.0101010101010166,,0.9267315456473143,1.6053986485321063,-1.2660650970897103,metro
12460,1.9501625135427858,94100.0,,,,,,,,metro
12540,5.81023454157783,198500.0,-26.66105971404542,1744.0,-10.519307589880157,,-1.1546542342511752,0.5098787047691666,0.3223877647410043,metro
12580,1.7140631086871805,261100.0,1.2364042019150423,10890.0,-16.849015317286653,,0.6605350626944829,-0.09156767415225804,-0.2844836942711124,metro
12620,8.924302788844617,136700.0,-5.100671140939594,707.0,,,0.24820398590054624,,,metro
12660,3.817235396182772,179500.0,-19.175627240143367,451.0,,,-0.6676036209564334,,,metro
12680,,,-20.809248554913296,137.0,,,-0.7738975813954743,,,metro
12700,4.4740346205059955,392300.0,-16.35242929659173,2307.0,-20.32520325203252,,-0.4839081171023337,-0.4218737065699502,0.45289091183614194,metro
12740,13.8671875,233200.0,-16.93227091633466,417.0,,,-0.5216363602591907,,,metro
12780,-1.1846001974333609,100100.0,-8.517350157728709,290.0,,,0.02589276789673965,,,metro
12820,3.0732860520094496,87200.0,10.256410256410264,86.0,,,1.247434950721135,,,metro
12860,3.4977578475336335,115400.0,2.8169014084507005,146.0,,,0.7633724253235178,,,metro
12900,-3.2160804020100464,96300.0,-2.3809523809523836,41.0,,,0.42516646531096675,,,metro
12940,6.428138265615524,175500.0,,,-2.052785923753664,,,1.314364317288594,,metro
12980,7.572614107883813,103700.0,-18.648648648648646,301.0,-12.322791712104685,,-0.6333149880583924,0.33851234134962443,0.14740132335438397,metro
13020,6.018518518518512,91600.0,-27.182044887780542,292.0,,,-1.1885528966557648,,,metro
13060,-0.29218407596786067,136500.0,-21.457489878542514,194.0,,,-0.8160763513379439,,,metro
13100,5.50887021475257,113000.0,,,,,,,,metro
13140,,,-14.733840304182511,897.0,2.857142857142847,,-0.37859225670635055,1.7809038501087393,-0.7011557967011943,metro
13180,9.280575539568336,151900.0,-13.53711790393013,396.0,,,-0.3007257632180139,,,metro
13220,,,0.0,684.0,,,0.5800866147360709,,,metro
13260,4.047619047619055,87400.0,,,,,,,,metro
13300,6.0512820512820475,103400.0,,,,,,,,metro
13340,7.692307692307687,124600.0,,,,,,,,metro
13380,10.872274143302185,355900.0,-14.174107142857139,769.0,-13.09041835357625,,-0.34217239981025127,0.2655727549169572,0.038299822446647036,metro
13420,9.50384346610762,156700.0,-23.024054982817866,224.0,,,-0.9180072013541102,,,metro
13460,5.281794039539678,356800.0,-0.7560137457044647,1444.0,-12.589073634204272,,0.5308954745062443,0.3132103361518814,-0.4220529053290628,metro
13500,,,,,,,,,,metro
13540,,,-12.377850162866455,538.0,,,-0.22529631191691327,,,metro
13620,0.453309156844961,110800.0,-14.675767918088734,500.0,,,-0.37481369195928005,,,metro
13660,3.296703296703307,103400.0,-22.47619047619047,407.0,,,-0.8823595958369108,,,metro
13700,1.2725344644750836,95500.0,,,,,,,,metro
13720,,,,,,,,,,metro
13740,4.493827160493824,211600.0,-16.373477672530445,618.0,-0.434153400868309,,-0.48527766047147797,1.4681661532688994,-0.49144424639871076,metro
13780,6.438631790744465,105800.0,-13.67924528301887,915.0,-0.17094017094017033,,-0.3099734890364609,1.4931765725239692,-0.5916015417437541,metro
13820,3.289977046671777,135000.0,-15.771812080536918,5271.0,-6.10778443113772,,-0.446129408636934,0.9290599282347235,-0.24146525979889474,metro
13900,4.260651629072676,249600.0,,,,,,,,metro
13940,-4.387186629526463,137300.0,-15.068493150684937,124.0,,,-0.40036693368034126,,,metro
13980,-1.085481682496603,145800.0,-23.355704697986578,571.0,,,-0.9395864751950168,,,metro
14010,5.227781926811059,140900.0,2.775024777006929,1037.0,-4.555314533622557,,0.7606476610432282,1.07657501715457,-0.9186113390988991,metro
14020,4.353650368385797,155800.0,-4.171779141104293,781.0,,,0.3086437026145391,,,metro
14100,-2.2026431718061623,133200.0,23.714285714285708,433.0,,,2.123091303010107,,,metro
14140,-1.6839378238341918,75900.0,-9.241379310344833,658.0,,,-0.021217247998057333,,,metro
14180,,,,,,,,,,metro
14220,-2.9197080291970767,106400.0,5.882352941176472,162.0,,,0.9628305133157399,,,metro
14260,9.920844327176791,208300.0,-15.34219915666558,2610.0,-31.195335276967928,,-0.41817601532527054,-1.4547494452849796,0.9364627303051251,metro
14340,7.4921135646687675,136300.0,-14.150943396226412,91.0,,,-0.3406652167527547,,,metro
14380,7.744259342638449,239300.0,-26.15643397813289,878.0,,,-1.1218200225984196,,,metro
14420,,,27.118644067796605,75.0,,,2.3446008590355607,,,metro
14460,6.780072904009726,439400.0,-15.458608628060633,8701.0,-16.867469879518072,,-0.4257503678605385,-0.09332121951433037,0.2595357936874344,metro
14500,4.775808133472359,502400.0,0.6958250497017815,1013.0,-4.273504273504269,,0.6253614894189538,1.1033525190220215,-0.8643570042204876,metro
14540,9.284195605953215,154200.0,17.26495726495727,686.0,,,1.7034563136442618,,,metro
14580,,,-7.538461538461538,601.0,,,0.08958558778704925,,,metro
14620,,,44.6969696969697,191.0,,,3.488360328943706,,,metro
14660,,,-11.368015414258192,920.0,,,-0.1595899368543104,,,metro
14700,5.808080808080818,125700.0,-16.14474599860821,1205.0,,,-0.4703948995285176,,,metro
14720,,,,,,,,,,metro
14740,2.013826269912844,339400.0,-28.47222222222222,618.0,-25.689404934687953,,-1.2725001721391316,-0.9315780747302861,1.102039123434709,metro
14780,6.001263423878722,167800.0,13.793103448275868,264.0,,,1.4775550665780535,,,metro
14820,,,-23.267326732673265,465.0,,,-0.9338360336062822,,,metro
14860,0.17579105976897047,398900.0,-4.158135139392027,6085.0,-5.836575875486383,,0.3095314695438277,0.9548300602461491,-0.6321807648949884,metro
15020,2.2181146025878062,110600.0,,,,,,,,metro
15060,,,0.6230529595015577,323.0,,,0.6206264669220796,,,metro
15100,,,,,,,,,,metro
15180,11.439588688946012,86700.0,-10.27542372881356,1694.0,-23.827392120075043,,-0.08849886064303279,-0.7546503376081982,0.4215745991256155,metro
15220,-1.1904761904761862,83000.0,,,,,,,,metro
15260,6.419316843345113,180700.0,-7.98319327731093,1095.0,-22.135007849293565,,0.06064846666366294,-0.5938406390816983,0.26659608620901765,metro
15340,7.132459970887917,73600.0,,,,,,,,metro
15380,8.592057761732864,150400.0,-21.31728045325779,2222.0,-15.011547344110854,,-0.8069534199892586,0.08302782163432045,0.3619627991774691,metro
15420,10.407569141193584,151700.0,-20.93023255813954,68.0,,,-0.7817695825357742,,,metro
15460,9.989701338825952,106800.0,,,,,,,,metro
15500,3.4980988593155793,136100.0,-14.548802946592998,464.0,,,-0.36655253036981317,,,metro
15540,1.0348792640858528,263600.0,-18.14914645103325,911.0,,,-0.6008141469194395,,,metro
15580,12.369337979094075,129000.0,-7.272727272727275,153.0,,,0.10687597649211664,,,metro
15620,,,-21.98581560283688,330.0,,,-0.8504526374021238,,,metro
15660,6.132879045996598,124600.0,2.2026431718061623,232.0,,,0.7234048146447571,,,metro
15680,1.3451191391237405,263700.0,0.3278688524590123,612.0,,,0.6014198812142817,,,metro
15700,-4.820198928844688,124400.0,6.4189189189189255,315.0,,,0.9977429635240207,,,metro
15740,5.319148936170204,99000.0,,,,,,,,metro
15780,,,10.084033613445387,131.0,,,1.236219012301218,,,metro
15820,5.576923076923079,109800.0,-15.887850467289722,90.0,,,-0.4536796160071468,,,metro
15860,,,-15.355805243445698,226.0,,,-0.41906131526403856,,,metro
15900,12.859097127222974,82500.0,,,,,,,,metro
15940,,,-7.3968705547652895,1302.0,-24.378109452736318,,0.09879841225466679,-0.8069792854526993,0.35409043659901623,metro
15980,0.13422818791946067,223800.0,-6.979062811565306,7464.0,3.197353914002199,,0.1259836842178197,1.8132305730838187,-0.9696071286508192,metro
16020,3.8540949759119147,150900.0,-2.5341130604288553,500.0,,,0.41520084166373766,,,metro
16060,8.185840707964598,97800.0,-5.915492957746482,1002.0,,,0.19518641250243202,,,metro
16100,-1.3821700069108545,142700.0,,,,,,,,metro
16180,7.668108533228479,273800.0,-25.683060109289613,136.0,,,-1.091019259390461,,,metro
16220,-1.6820401519262118,181200.0,,,,,,,,metro
16260,10.592976396085207,192100.0,-13.771186440677962,407.0,,,-0.31595577494726357,,,metro
16300,7.214121258633921,139700.0,-19.051094890510946,1109.0,-14.809590973201692,,-0.6595007414668416,0.10221763784929386,0.27864155180877387,metro
16340,6.071428571428572,89100.0,-15.18324607329843,162.0,,,-0.4078335004460061,,,metro
16380,9.003690036900359,147700.0,,,,,,,,metro
16460,,,,,,,,,,metro
16500,13.600451467268627,201300.0,-1.2232415902140636,323.0,,,0.5004946113617058,,,metro
16540,4.007285974499086,171300.0,-8.387942332896458,699.0,,,0.03431287731185145,,,metro
16580,2.9803921568627434,131300.0,-2.5598678777869477,1180.0,-18.454106280193237,,0.4135250667992542,-0.24408279634340793,-0.08472113522792314,metro
16620,5.795454545454537,93100.0,-3.0172413793103425,1125.0,-20.490367775831874,,0.38376539089563755,-0.43756757570948246,0.026901092406922456,metro
16660,0.866336633663356,81500.0,-19.354838709677423,275.0,,,-0.679264277364775,,,metro
16700,,,6.993171650576868,4544.0,-17.000000000000004,,1.0351075575024342,-0.1059141802788138,-0.4645966886118102,metro
16740,9.623430962343104,183400.0,0.9731752963193951,8093.0,-28.06539509536785,,0.6434076889115716,-1.1573437403875506,0.2569680257379895,metro
16820,3.9396479463537304,248000.0,-10.00625390869293,1439.0,0.0,,-0.07098493256642986,1.5094192414198837,-0.719217154426727,metro
16860,5.952380952380953,142400.0,-22.456881379795846,2203.0,-4.859335038363167,,-0.8811032212354488,1.0476871064375575,-0.08329194260105433,metro
16940,8.05639476334341,214600.0,-14.71861471861472,394.0,,,-0.37760158171002683,,,metro
16980,4.59433040078201,214000.0,-10.811096154353738,33791.0,-15.604395604395604,,-0.12335317057022151,0.02669560934997425,0.04832878061012363,metro
17020,9.108832807570977,276700.0,-11.229946524064172,498.0,-22.00557103064067,,-0.1506062825523877,-0.5815416026600292,0.36607394260620846,metro
17060,-2.5134649910233398,108600.0,-8.677685950413228,221.0,,,0.015460285013170823,,,metro
17140,5.525606469002686,156600.0,-9.662505779010633,5862.0,-17.54874651810585,,-0.04861845768813766,-0.1580558620868823,0.10333715988750998,metro
17200,2.822357498616501,185800.0,-21.84325108853411,2154.0,,,-0.8411764687415528,,,metro
17220,,,6.25,408.0,,,0.9867520069769691,,,metro
17260,1.1251758087201136,71900.0,,,,,,,,metro
17300,6.8081991215226845,145900.0,-4.1322314049586755,1508.0,-19.999999999999996,,0.3112169339156426,-0.3909730194021126,0.039878042743235004,metro
17340,9.762651141961488,245100.0,10.389610389610393,425.0,-27.54716981132076,,1.2561018122274343,-1.108102174429282,-0.07399981889907614,metro
17380,2.6666666666666616,123200.0,,,,,,,,metro
17420,3.494837172359011,130300.0,-14.900153609831024,554.0,-22.535211267605636,,-0.3894136752145798,-0.6318678130274367,0.5106407441210082,metro
17460,5.303612605687924,137000.0,-14.599797365754807,8429.0,-20.39312039312039,,-0.3698705568450985,-0.42832716703497753,0.399098861940038,metro
17500,4.193849021435225,111800.0,,,,,,,,metro
17540,-2.4365482233502544,96100.0,,,,,,,,metro
17580,,,-9.582309582309579,368.0,,,-0.04340037484211166,,,metro
17660,8.275862068965512,251200.0,-10.665597433841222,1114.0,,,-0.11388608349057816,,,metro
17700,,,12.244897959183664,330.0,,,1.3768188117794626,,,metro
17740,-2.695167286245348,104700.0,-3.488372093023251,249.0,,,0.35311058185743044,,,metro
17780,2.3536165327210146,178300.0,32.928475033738195,985.0,4.748201438848931,,2.722626009214433,1.9605915047805025,-2.3416087569974677,metro
17820,8.515815085158152,267600.0,-33.34782608695652,1533.0,-28.57142857142857,,-1.5897384694292778,-1.2054268454686827,1.3975826574489802,metro
17860,1.7038007863696025,155200.0,9.459459459459453,810.0,-17.208182912154037,,1.1955801813709432,-0.1256956400334593,-0.534942270668742,metro
17900,2.350081037277141,126300.0,-13.029249335242376,4252.0,-13.717277486910994,,-0.2676805519072573,0.20600884263621064,0.030835854635523338,metro
17980,6.7260138476755715,107900.0,-20.0695479384004,1609.0,-31.57894736842105,,-0.7257678787786661,-1.4912001177727425,1.1084839982757044,metro
18020,1.9736842105263053,139500.0,-13.812154696132595,312.0,,,-0.31862143441508495,,,metro
18060,1.7826825127334356,119900.0,-15.333333333333332,254.0,,,-0.417599147561599,,,metro
18100,,,,,,,,,,metro
18140,6.749999999999989,170800.0,-19.401309635173057,4308.0,-13.157894736842103,,-0.6822879761078917,0.259161175089623,0.21156340050913436,metro
18180,6.796556411418209,235700.0,-14.04494382022472,612.0,,,-0.3337681992884192,,,metro
18220,8.899676375404542,67300.0,-13.043478260869568,60.0,,,-0.2686063777666731,,,metro
18260,3.823279524214107,122200.0,-5.3254437869822535,480.0,,,0.23357882489767223,,,metro
18300,4.154809334092202,183000.0,-24.10901467505241,362.0,,,-0.9886016907634102,,,metro
18380,,,,,,,,,,metro
18420,3.678606001936102,107100.0,-20.394736842105267,121.0,,,-0.7469267704710705,,,metro
18460,5.254901960784308,134200.0,-11.858974358974361,275.0,,,-0.19153489874665894,,,metro
18500,2.8669724770642224,89700.0,-10.284463894967178,410.0,,,-0.0890870722773982,,,metro
18580,,,-16.184351554126476,2346.0,28.77358490566038,,-0.4729718929316782,4.243474144960964,-1.885251126014643,metro
18620,,,1.6483516483516425,185.0,,,0.6873390258765272,,,metro
18660,2.930056710775042,108900.0,,,,,,,,metro
18700,10.08673305493093,342700.0,1.3392857142857206,227.0,,,0.6672291987876924,,,metro
18740,0.0,87800.0,14.583333333333325,165.0,,,1.5289725299648327,,,metro
18780,3.7859007832898195,159000.0,,,,,,,,metro
18820,2.1883920076118057,107400.0,-26.923076923076927,133.0,,,-1.1717027672247213,,,metro
18860,6.602031394275154,230900.0,,,,,,,,metro
18880,3.553976010661919,233100.0,-10.886715052066897,2824.0,-20.306513409961692,,-0.12827342476211692,-0.4200978050085809,0.2741856148853489,metro
18900,0.6726457399103047,89800.0,-31.216216216216218,509.0,,,-1.4510421551590096,,,metro
18980,-1.4970059880239472,131600.0,-2.614379084967322,447.0,,,0.4099782153673292,,,metro
19000,-3.5887487875848723,198800.0,-17.479674796747968,812.0,,,-0.5572539944579856,,,metro
19060,3.9948453608247503,80700.0,0.0,679.0,,,0.5800866147360709,,,metro
19100,9.294234592445338,219900.0,15.567112721322962,19777.0,-6.513409961685824,,1.5929835748760832,0.8905175472824518,-1.2417505610792676,metro
19140,3.3421284080914715,117500.0,-4.23529411764706,407.0,,,0.3045110077587094,,,metro
19180,,,,,,,,,,metro
19220,0.2714932126696823,110800.0,-13.147410358565736,218.0,,,-0.2753688717308381,,,metro
19260,-3.0495552731893305,76300.0,-9.4488188976378,575.0,,,-0.03471460817930285,,,metro
19300,-0.6097560975609762,195600.0,-5.872862213617291,2917.0,-37.24007561436673,,0.19796024422768296,-2.029118333078541,0.9155790444254291,metro
19340,3.456998313659354,122700.0,,,-15.513126491646778,,,0.03536796512597219,,metro
19380,5.555555555555558,115900.0,-17.661346287300482,2373.0,-16.33986928104575,,-0.5690747157323098,-0.043188814807237644,0.30613176526977376,metro
19420,6.323777403035402,126100.0,-17.712177121771223,223.0,,,-0.572382098330386,,,metro
19460,7.8558225508317925,116700.0,-16.44657863145258,696.0,,,-0.490034081292799,,,metro
19500,-7.5797872340425565,69500.0,34.58149779735682,611.0,,,2.8301823533024493,,,metro
19540,6.033630069238383,107200.0,,,,,,,,metro
19580,9.071504802561359,102200.0,-8.333333333333337,132.0,,,0.03786609174820655,,,metro
19620,0.17889087656528524,112000.0,-18.253968253968257,206.0,,,-0.6076345308563935,,,metro
19660,9.29281122150789,187000.0,-5.6124721603563525,4238.0,-12.45634458672875,,0.21490290393088105,0.32582219888231917,-0.2703625514066001,metro
19700,,,-3.314917127071826,175.0,,,0.3643966829397933,,,metro
19740,6.661045531197307,379500.0,-25.80742076010215,4939.0,-20.879120879120883,,-1.099110967045183,-0.4745067451525308,0.7868088560988569,metro
19760,2.7653213751868355,137500.0,31.372549019607842,268.0,,,2.621387407160971,,,metro
19780,0.8823529411764675,171500.0,-9.947337624341724,3078.0,-17.31843575418994,,-0.06715145834482036,-0.1361718224203925,0.10166164038260643,metro
19820,6.962962962962971,144400.0,-12.284082798001428,12289.0,-18.302387267904507,,-0.2191952011629562,-0.22966651450475492,0.22443085783385558,metro
19860,-1.800900450225118,196300.0,,,,,,,,metro
19940,,,-23.502304147465438,166.0,,,-0.9491251828149561,,,metro
19980,5.6394763343403875,104900.0,,,,,,,,metro
20020,,,-4.816955684007707,988.0,,,0.2666643471130281,,,metro
20060,,,,,,,,,,metro
20100,2.7272727272727337,180800.0,-18.157894736842106,933.0,-5.285412262156452,,-0.6013833669322225,1.0072014135070935,-0.20290902328743549,metro
20140,2.768166089965396,89100.0,-27.802690582959645,161.0,,,-1.2289361166673862,,,metro
20180,1.4012738853503182,79600.0,,,,,,,,metro
20220,-0.2624671916010457,152000.0,,,,,,,,metro
20260,0.7390983000739038,136300.0,-20.885657633840047,1197.0,-20.173535791757047,,-0.7788692498838763,-0.40746232318364844,0.5931657865337624,metro
20300,10.117145899893497,103400.0,,,,,,,,metro
20340,-0.14598540145985828,68400.0,43.18181818181819,315.0,,,3.389774779309549,,,metro
20380,2.614795918367352,160900.0,-31.030150753768847,549.0,,,-1.4389355336760263,,,metro
20420,2.09997042295178,345200.0,1.3093289689034338,619.0,,,0.6652800193299087,,,metro
20460,12.04481792717087,120000.0,,,,,,,,metro
20500,6.358381502890165,220800.0,-14.30173864273696,1528.0,-22.15568862275449,,-0.35047693004399877,-0.5958057181733459,0.4731413241086724,metro
20540,-1.2195121951219523,72900.0,,,,,,,,metro
20580,0.0,114300.0,,,,,,,,metro
20660,3.684971098265888,287000.0,19.069767441860463,512.0,,,1.8208889278059737,,,metro
20700,9.182098765432102,141500.0,-16.649899396378267,1657.0,,,-0.5032634442718747,,,metro
20740,7.00843608046724,164900.0,-14.173228346456689,654.0,,,-0.34211521963698904,,,metro
20780,7.014247690621578,683500.0,-21.863117870722437,822.0,,,-0.8424691299849416,,,metro
20820,0.8835341365461824,125600.0,-5.223880597014929,127.0,,,0.24018718241532006,,,metro
20900,7.13101160862355,129200.0,25.179856115107913,174.0,,,2.218450784915229,,,metro
20940,8.01075268817204,200900.0,-6.315789473684208,267.0,-21.632653061224495,,0.16914053415579514,-0.5461070815100315,0.1884832736771182,metro
20980,,,,,,,,,,metro
21020,-1.7627118644067852,144900.0,-0.7532956685499026,527.0,,,0.5310723301721965,,,metro
21060,6.9585613760750675,136800.0,-17.115902964959574,615.0,,,-0.5335846481123188,,,metro
21120,-0.8537886872998945,92900.0,,,,,,,,metro
21140,0.23023791250960102,130600.0,-6.747404844290661,539.0,-19.999999999999996,,0.14105684871821533,-0.3909730194021126,0.12495808534194863,metro
21180,,,0.6250000000000089,161.0,,,0.6207531539601614,,,metro
21220,0.7685352622061492,222900.0,-2.033898305084747,289.0,,,0.4477480464136091,,,metro
21260,15.503875968992254,253300.0,-25.291828793774318,192.0,,,-1.0655632215695088,,,metro
21300,4.640371229698381,90200.0,-2.506265664160401,389.0,,,0.4170127732359615,,,metro
21340,2.2281639928698693,114700.0,7.075606276747504,3753.0,-23.427529626253417,,1.0404712870361805,-0.7166555581756181,-0.1619078644302812,metro
21380,,,,,,,,,,metro
21420,4.673721340388015,118700.0,3.1347962382445083,329.0,,,0.7840567174274301,,,metro
21460,,,-4.884318766066842,370.0,,,0.26228126964292664,,,metro
21500,2.374893977947412,120700.0,-4.403948367501897,1259.0,-12.310286677908932,,0.2935372722914595,0.3397005648599706,-0.316618918575715,metro
21540,-3.436807095343686,87100.0,,,,,,,,metro
21580,8.185279187817262,170500.0,,,,,,,,metro
21660,7.289950576606263,260500.0,-3.6307053941908696,929.0,-28.66242038216561,,0.34384945741770706,-1.2140728521148254,0.43511169734855915,metro
21700,8.114901256732487,301100.0,,,,,,,,metro
21740,5.661538461538451,171700.0,,,,,,,,metro
21780,4.318374259102464,123200.0,-8.50556438791733,1151.0,-14.893617021276595,,0.026659626249252496,0.09423351527584366,-0.06044657076254808,metro
21820,4.713019132057861,224400.0,-23.668639053254438,258.0,,,-0.9599480067679219,,,metro
21840,,,17.948717948717952,92.0,,,1.7479462027099326,,,metro
21900,,,20.353982300884965,272.0,,,1.90444824610466,,,metro
21980,,,-34.8314606741573,58.0,,,-1.6862733240446643,,,metro
22020,2.4975514201762916,209300.0,20.3576341127923,875.0,-5.263157894736848,,1.9046858565881302,1.0093160148877787,-1.4570009357379545,metro
22060,1.4091595369904342,201500.0,-19.289340101522846,159.0,,,-0.6750025146165488,,,metro
22100,3.197674418604657,106500.0,-5.737704918032782,345.0,,,0.2067544513673779,,,metro
22140,3.155183515775928,160200.0,41.18942731277533,641.0,,,3.2601369530285096,,,metro
22180,2.574416733708773,127500.0,-16.80117388114454,2268.0,-11.197663096397271,,-0.5131063399012372,0.4454216270356112,0.033842356432813,metro
22220,7.716836734693877,168900.0,2.2101589763474205,2636.0,-18.9873417721519,,0.7238938414610414,-0.2947506264491006,-0.2145716075059704,metro
22260,5.756495160468678,207600.0,-11.081081081081079,329.0,,,-0.1409201347504942,,,metro
22280,18.668668668668676,237100.0,-9.824561403508769,257.0,,,-0.05916284394435813,,,metro
22300,1.041666666666674,135800.0,-0.6756756756756799,294.0,,,0.5361227885478655,,,metro
22340,,,-22.666666666666668,58.0,,,-0.8947532077909196,,,metro
22380,6.931316950220534,339400.0,-14.164305949008494,606.0,-25.64102564102564,,-0.34153467079570915,-0.9269810929672913,0.6342578818815002,metro
22420,12.623490669593851,102600.0,-20.114942528735636,973.0,-25.34562211981567,,-0.7287215442001531,-0.8989119646909416,0.8138167544455474,metro
22500,0.4916420845624492,102200.0,-8.90736342042755,767.0,,,0.0005159844640073287,,,metro
22520,,,8.196721311475418,858.0,,,1.1134182766913479,,,metro
22540,11.068702290076327,145500.0,-19.999999999999996,536.0,,,-0.7212426404348028,,,metro
22580,,,-23.963963963963963,422.0,,,-0.9791637540722734,,,metro
22620,,,,,,,,,,metro
22660,6.670673076923084,355000.0,-14.178595773687796,1259.0,-16.53290529695024,,-0.3424644591410311,-0.06153102234147782,0.20199774074125446,metro
22700,14.267352185089965,88900.0,,,,,,,,metro
22780,,,-5.7870370370370345,407.0,,,0.2035445848833877,,,metro
22800,-1.8930957683741645,88100.0,,,,,,,,metro
22820,,,25.71428571428571,132.0,,,2.2532242285271944,,,metro
22860,5.200281096275483,149700.0,-4.7826086956521685,219.0,,,0.26889918415173186,,,metro
22900,7.801418439716312,106400.0,-1.8366054464851178,1550.0,-24.723247232472325,,0.4605851948502085,-0.8397741437290789,0.1895944744394352,metro
23060,5.680793507664572,117200.0,-22.614840989399298,1095.0,-16.065573770491802,,-0.8913810942910659,-0.01712536153549059,0.45425322791327827,metro
23140,1.3100436681222627,92800.0,-28.57142857142857,80.0,,,-1.2789551783651776,,,metro
23180,6.315789473684208,131300.0,-18.54838709677419,303.0,,,-0.6267913235272392,,,metro
23240,,,5.063291139240511,249.0,,,0.9095370590831279,,,metro
23300,-1.007838745800671,88400.0,,,,,,,,metro
23340,7.717842323651447,129800.0,,,,,,,,metro
23380,3.136531365313644,111800.0,-21.359223300970875,162.0,,,-0.8096824927279692,,,metro
23420,8.426443202979517,232900.0,-24.9727965179543,1379.0,-18.048780487804883,,-1.0448049198760923,-0.2055688963950894,0.6251869081355909,metro
23460,-4.880581516095539,91600.0,-24.163027656477443,521.0,,,-0.99211612440778,,,metro
23500,2.680652680652673,88100.0,7.476635514018692,115.0,,,1.0665648409681736,,,metro
23540,7.447485677912158,168800.0,-13.725490196078427,968.0,-12.352309344790546,,-0.31298248194982264,0.3357075873139246,-0.01136255268205097,metro
23580,5.055487053020968,170400.0,-6.3008130081300795,922.0,-26.340326340326335,,0.17011499979402744,-0.993428374814214,0.41165668751009327,metro
23620,,,-3.8961038961038974,148.0,,,0.32658091567680975,,,metro
23660,0.42553191489360653,70800.0,-18.685121107266433,235.0,,,-0.6356881219287591,,,metro
23700,2.8044871794871806,128300.0,,,,,,,,metro
23780,3.146067415730336,137700.0,-16.964285714285708,93.0,,,-0.523719449917795,,,metro
23820,7.335581787521073,381900.0,-25.05643340857788,332.0,,,-1.0502468765050919,,,metro
23860,3.2136105860113506,218400.0,-9.843400447427298,806.0,,,-0.060388633893889675,,,metro
23900,1.5167930660888507,187400.0,0.4106776180698102,489.0,,,0.6068079546779777,,,metro
23940,0.05042864346949116,198400.0,-4.962779156327546,383.0,,,0.2571761295820078,,,metro
23980,,,18.421052631578938,225.0,,,1.7786793497618751,,,metro
24020,2.5268477574226234,162300.0,-12.356575463371577,993.0,,,-0.2239120424745306,,,metro
24060,-0.16670139612419144,479100.0,-8.521560574948662,891.0,,,0.025618810941499627,,,metro
24100,2.640845070422526,116600.0,,,,,,,,metro
24140,-0.11737089201877549,85100.0,-11.913357400722024,488.0,,,-0.19507341090722954,,,metro
24220,-13.943488943488946,140100.0,9.92366412213741,432.0,,,1.2257843367674208,,,metro
24260,7.498144023756503,144800.0,11.049723756906072,201.0,,,1.2990530540569956,,,metro
24300,7.796780684104632,214300.0,-39.473684210526315,621.0,-20.775623268698062,,-1.988326388890654,-0.46467244225947585,1.2264994155750648,metro
24340,6.589383770591817,174700.0,-16.84743311641359,2300.0,-14.733542319749215,,-0.5161162647101097,0.10944375147264485,0.20333625661873245,metro
24380,6.327683615819213,94100.0,,,,,,,,metro
24420,13.092648977816435,260000.0,-12.322274881516593,370.0,,,-0.2216802249426669,,,metro
24460,14.388489208633093,79500.0,,,,,,,,metro
24500,4.1427660930529076,163400.0,-11.392405063291145,280.0,,,-0.16117688504480696,,,metro
24540,8.149532710280383,289300.0,5.571293673276667,1118.0,-16.417910447761198,,0.9425909870452374,-0.05060425626981542,-0.44599336538771095,metro
24580,6.058631921824098,162800.0,-7.9889807162534465,1336.0,-27.643312101910833,,0.06027189848324233,-1.1172375776780357,0.5284828395973966,metro
24620,8.896797153024917,91800.0,-7.741935483870965,286.0,,,0.07634625789573282,,,metro
24640,3.8863976083707064,208500.0,-25.230769230769234,243.0,,,-1.0615902917871858,,,metro
24660,2.722772277227725,124500.0,13.473053892215558,379.0,,,1.4567305740577667,,,metro
24700,11.845730027548207,121800.0,-22.499999999999996,93.0,,,-0.883908797331162,,,metro
24740,,,,,,,,,,metro
24780,1.0327022375215211,117400.0,-27.385892116182575,525.0,-29.044834307992208,,-1.201816514751018,-1.2504096753683964,1.2261130950597072,metro
24820,14.314115308151099,115000.0,-18.134715025906733,158.0,,,-0.5998751451338923,,,metro
24860,5.985205110961678,157600.0,-12.686749938770514,3565.0,-10.743801652892559,,-0.24539532768189726,0.48854736577170393,-0.12157601904490334,metro
24900,-0.692041522491349,57400.0,,,,,,,,metro
24940,,,-30.582524271844658,286.0,,,-1.409810061860168,,,metro
24980,6.042296072507547,105300.0,,,,,,,,metro
25060,6.795224977043168,116300.0,-23.87218045112782,2835.0,-17.748917748917748,,-0.9731917255524724,-0.17707605498058943,0.5751338902665308,metro
25180,5.191594561186652,170200.0,1.6570605187319787,1411.0,-27.27272727272727,,0.6879056812667984,-1.0820247506101115,0.19705953467165654,metro
25200,-1.1510002740476866,360700.0,,,,,,,,metro
25220,7.835051546391747,156900.0,39.81481481481482,604.0,,,3.170695780122533,,,metro
25260,9.034090909090908,191900.0,-12.169312169312175,166.0,,,-0.21172748232557226,,,metro
25300,,,-9.523809523809524,171.0,,,-0.039593982964345194,,,metro
25420,2.2574740695546103,167600.0,-10.416666666666663,2107.0,-18.63580998781973,,-0.09768903899875894,-0.26134821233021044,0.17951862566448468,metro
25460,-1.7773620205799867,105000.0,,,,,,,,metro
25500,3.2223415682062218,192200.0,-24.52471482889734,397.0,,,-1.0156498293422822,,,metro
25540,1.0943912448700521,221700.0,-3.346720214190091,5776.0,-23.699421965317924,,0.362327368556206,-0.7424906630223671,0.19008164723308055,metro
25580,,,-66.66666666666667,19.0,,,-3.7576775691668427,,,metro
25620,2.9389017788089777,133100.0,-13.66711772665764,638.0,,,-0.30918439184213076,,,metro
25700,-1.139601139601143,138800.0,,,,,,,,metro
25720,,,-4.268292682926833,314.0,,,0.3023639078398476,,,metro
25740,,,-19.463087248322154,360.0,,,-0.6863076268731692,,,metro
25780,5.193370165745859,95200.0,-9.345794392523366,97.0,,,-0.028011168054057175,,,metro
25820,5.070118662351675,97400.0,,,,,,,,metro
25840,6.371911573472033,163600.0,-16.60649819494585,231.0,,,-0.5004394816151964,,,metro
25860,3.457943925233642,110700.0,-26.286856571714146,1475.0,-21.021611001964637,,-1.1303061594265473,-0.48804610148732297,0.8091761304569351,metro
25880,2.38297872340425,120300.0,-22.34848484848485,205.0,,,-0.8740502423677466,,,metro
25900,4.1843541540327545,343600.0,,,,,,,,metro
25940,2.210945994925706,282000.0,-3.4067446662078504,2807.0,-6.081081081081086,,0.3584217897843905,0.9315972702240058,-0.6450095300041981,metro
25980,5.166374781085814,120100.0,-23.356401384083046,443.0,,,-0.939631806094967,,,metro
26020,,,,,,,,,,metro
26090,6.2982005141388075,165400.0,-17.213114754098356,505.0,-16.43192488262911,,-0.5399098753700088,-0.05193590244795427,0.29592288890898155,metro
26140,8.72781065088757,147000.0,-7.484567901234573,1199.0,-7.623318385650224,,0.09309225612660003,0.7850544783262975,-0.43907336722644874,metro
26220,5.757655064119338,404100.0,20.895522388059696,81.0,,,1.9396843440190732,,,metro
26300,5.9667673716012,140300.0,-25.259875259875265,719.0,,,-1.0634841181460624,,,metro
26340,,,,,,,,,,metro
26380,4.366499642090194,145800.0,21.00350058343057,1037.0,,,1.946710103246907,,,metro
26420,5.574516496018211,185600.0,2.3356035245680973,26596.0,4.3010752688172005,,0.7320560744861045,1.9181057491235385,-1.3250809118048215,metro
26460,3.178368121442121,217500.0,,,,,,,,metro
26500,5.52721088435375,124100.0,,,,,,,,metro
26540,-1.2345679012345734,88000.0,,,,,,,,metro
26580,-2.366255144032925,94900.0,-7.727016356457983,1636.0,,,0.07731699274393959,,,metro
26620,,,-21.835632873425315,2606.0,-27.77777777777778,,-0.8406807784318898,-1.1300144541662227,0.9853476162990562,metro
26660,,,-9.768637532133672,351.0,,,-0.055524075450216835,,,metro
26700,,,98.03921568627452,101.0,,,6.959151591063884,,,metro
26740,1.8018018018018056,79100.0,-1.7006802721088454,289.0,,,0.4694293651467108,,,metro
26780,3.545150501672234,154800.0,-5.882352941176472,96.0,,,0.19734271615640206,,,metro
26820,8.557951482479776,161100.0,-6.785714285714284,522.0,,,0.13856418887452457,,,metro
26860,5.253623188405787,116200.0,,,,,,,,metro
26900,5.642167780252416,142300.0,-22.202380952380953,6535.0,-21.142857142857142,,-0.8645437786530242,-0.49956686287765556,0.6820553207653399,metro
26960,12.199170124481329,135200.0,-14.832535885167463,178.0,,,-0.38501402905094073,,,metro
26980,1.3258541560428272,198700.0,-5.100956429330495,893.0,-19.70802919708029,,0.2481854231940843,-0.36323006668938285,0.05752232174764928,metro
27020,,,,,,,,,,metro
27060,2.9058116232465014,205400.0,,,,,,,,metro
27100,6.382978723404253,125000.0,-26.701570680628272,560.0,,,-1.1572901395496509,,,metro
27140,6.129032258064515,131600.0,-3.961689159773618,2206.0,-17.564402810304447,,0.32231351456073454,-0.15954351691325128,-0.08138499882374163,metro
27160,,,,,,,,,,metro
27180,7.452725250278092,96600.0,-18.6046511627907,490.0,-31.688055281342542,,-0.6304522272833467,-1.5015675094382646,1.0660098683608057,metro
27220,,,,,,,,,,metro
27260,8.025042686397278,189800.0,-2.848224736636751,7470.0,-9.9009900990099,,0.39476270598173285,0.5686309934882023,-0.4816968497349676,metro
27300,3.5799522673030992,86800.0,-3.053435114503822,127.0,,,0.3814103925725784,,,metro
27340,1.3382899628252787,136300.0,-25.801195002715914,1366.0,-17.525773195876294,,-1.098705879034068,-0.1558729458983613,0.6272894124662146,metro
27380,,,3.463203463203457,239.0,,,0.8054250138998583,,,metro
27420,2.49066002490661,164600.0,,,,,,,,metro
27460,,,-14.444444444444448,616.0,,,-0.35976229177622715,,,metro
27500,2.590673575129543,138600.0,-15.384615384615385,539.0,-36.56804733727811,,-0.4209358892415244,-1.9652624662369034,1.193099177739214,metro
27540,0.24077046548955927,124900.0,-32.47422680412371,131.0,,,-1.532896454226946,,,metro
27600,,,0.18115942028984477,553.0,,,0.5918740174097195,,,metro
27620,3.816199376947038,133300.0,-2.620967741935487,483.0,,,0.4095495147640812,,,metro
27700,11.63227016885553,119000.0,-17.777777777777782,111.0,,,-0.5766505009713728,,,metro
27740,4.503753127606336,125300.0,-12.813102119460495,905.0,-8.144796380090503,,-0.2536166171412227,0.7355038410851334,-0.24094361197195538,metro
27780,-2.1024967148488782,74500.0,-5.98705501618123,581.0,,,0.1905301224923627,,,metro
27860,7.81853281853282,111700.0,-7.8907435508346,607.0,,,0.06666384334847261,,,metro
27900,3.518728717366626,91200.0,9.629629629629633,740.0,,,1.2066525524109364,,,metro
27920,1.1801730920534936,128600.0,13.103448275862073,328.0,,,1.4326816439859542,,,metro
27940,5.725907384230289,337900.0,-11.578947368421055,84.0,,,-0.17331453299443514,,,metro
27980,6.23310810810811,628900.0,,,-16.279069767441857,,,-0.03741166855150864,,metro
28020,5.672727272727274,145300.0,-18.05225653206651,1035.0,-23.809523809523814,,-0.5945098626153119,-0.7529524976539222,0.6737311801346171,metro
28060,,,,,,,,,,metro
28100,2.493765586034913,123300.0,-11.826086956521742,507.0,,,-0.18939503179975034,,,metro
28140,8.633093525179847,166100.0,5.382041271611815,7558.0,-21.543408360128613,,0.9302770027003463,-0.5376270845459322,-0.19632495907720704,metro
28180,,,,,,,,,,metro
28260,3.4077555816686145,176000.0,,,,,,,,metro
28300,6.267806267806275,186500.0,-15.94827586206896,390.0,,,-0.4576112827062205,,,metro
28340,4.0286481647269445,116200.0,-41.048034934497814,135.0,,,-2.0907638216408317,,,metro
28380,,,-27.419354838709676,45.0,,,-1.2039938157401269,,,metro
28420,9.857819905213262,231800.0,2.285714285714291,716.0,-13.609467455621305,,0.7288099581841712,0.21625291009130582,-0.47253143413773846,metro
28500,6.1433447098976135,186600.0,-14.463840399002493,343.0,,,-0.36102431793114453,,,metro
28540,7.8482104355325655,250100.0,,,,,,,,metro
28580,-2.500452980612433,538100.0,-14.26116838487973,1497.0,-14.323962516733602,,-0.3478371668720267,0.14836186586463837,0.09973765050369417,metro
28620,-8.397457343593173,273800.0,-6.032906764168189,1028.0,,,0.18754671143955515,,,metro
28660,2.4617996604414216,120700.0,7.81352593565332,1642.0,-11.214953271028039,,1.0884851090411731,0.4437787213327826,-0.7661319151869779,metro
28700,3.703703703703698,120400.0,-10.853589598643298,1577.0,-9.297912713472488,,-0.1261180686805704,0.6259351732958053,-0.24990855230761744,metro
28740,6.934886183165689,202000.0,-1.7086330935251803,1093.0,,,0.4689119031881995,,,metro
28780,3.0989272943980906,86500.0,7.36842105263158,102.0,,,1.0595237087463931,,,metro
28820,1.3620885357548351,89300.0,-14.400000000000002,214.0,,,-0.3568704489869584,,,metro
28860,,,-23.222748815165872,162.0,,,-0.930935506196934,,,metro
28900,4.8216644649933915,158700.0,-5.995717344753748,439.0,,,0.1899664954128967,,,metro
28940,5.820476858345014,150900.0,-17.528501628664493,4051.0,-18.483412322274884,,-0.5604309836984999,-0.24686744512177217,0.403649214410136,metro
29020,6.682297772567414,91000.0,2.4464831804281273,335.0,,,0.7392706214848012,,,metro
29060,5.704534373476355,216800.0,-23.78917378917379,535.0,,,-0.9677907756737294,,,metro
29100,4.536357571714467,156700.0,-14.157303370786511,382.0,,,-0.3410790378006147,,,metro
29180,2.2827687776141303,138900.0,18.149100257069417,2298.0,50.1577287066246,,1.760984370713754,6.2753872141438185,-4.0181857924287865,metro
29200,5.124099279423544,131300.0,-7.467532467532467,570.0,-10.9697933227345,,0.09420069153915375,0.4670737247528107,-0.28063720814598225,metro
29260,2.171290711700835,169400.0,-15.037593984962406,113.0,,,-0.3983564342645861,,,metro
29300,,,-14.133333333333331,322.0,,,-0.3395193922513465,,,metro
29340,4.604051565377532,170400.0,27.71804062126644,1069.0,,,2.383601472559505,,,metro
29380,10.22336769759451,128300.0,-18.529411764705884,277.0,,,-0.6255566657898859,,,metro
29420,5.945036455412223,188900.0,-29.507309149972926,1302.0,-16.473317865429237,,-1.3398496171754781,-0.05586904765623913,0.6978593324158586,metro
29460,9.337748344370866,165100.0,-27.507082152974505,2559.0,-5.769230769230771,,-1.2097019217666467,0.9612291661827692,0.12423637779193875,metro
29500,4.6119235095613,93000.0,,,,,,,,metro
29540,4.564755838641199,197000.0,-1.2057272042200418,1311.0,-30.434782608695656,,0.5016342105057247,-1.3824820250483725,0.4404239072713239,metro
29620,6.932153392330376,145000.0,-15.62651185292695,1744.0,-20.09744214372716,,-0.436675236788342,-0.400231934192963,0.4184535854906525,metro
29660,5.055611729019205,207800.0,-18.181818181818176,126.0,,,-0.6029399808738141,,,metro
29700,10.91370558375635,131100.0,1.002004008016022,504.0,,,0.6452834712075569,,,metro
29740,6.295754026354317,145200.0,-16.81818181818182,915.0,-12.163616792249732,,-0.5142129862030732,0.35363708064009014,0.08028795278149153,metro
29780,,,,,,,,,,metro
29820,14.318813716404089,246700.0,-24.10030183422336,9807.0,-28.04878048780488,,-0.9880347770300856,-1.1557650268060873,1.0718999019180864,metro
29860,,,,,,,,,,metro
29900,,,,,,,,,,metro
29940,5.1146384479717755,178800.0,,,,,,,,metro
29980,2.983425414364649,93200.0,-18.791946308724828,121.0,,,-0.6426388599211258,,,metro
30020,-4.2394014962593545,76800.0,4.402515723270439,830.0,,,0.86654274008815,,,metro
30060,-0.26954177897574594,111000.0,-10.313901345291477,200.0,,,-0.09100246304263064,,,metro
30140,6.484424666242838,167500.0,-17.81701444622793,512.0,,,-0.5792034921978537,,,metro
30220,,,,,,,,,,metro
30260,,,9.944751381215466,199.0,,,1.227156410124903,,,metro
30280,25.547445255474454,137600.0,27.419354838709676,79.0,,,2.364167045212269,,,metro
30300,5.853119823302033,191700.0,-4.82758620689655,276.0,,,0.26597265659137737,,,metro
30340,11.30239520958083,148700.0,-11.111111111111116,360.0,,,-0.14287408258108156,,,metro
30380,,,-1.6260162601625994,121.0,,,0.4742874882994147,,,metro
30420,,,,,,,,,,metro
30460,5.671447196870916,162100.0,-12.211868563021088,1790.0,-19.885550786838337,,-0.21449647633197122,-0.3800980994546334,0.29729728789330234,metro
30580,0.3092783505154628,97300.0,,,,,,,,metro
30620,8.239277652370202,95900.0,,,,,,,,metro
30660,,,,,,,,,,metro
30700,7.202572347266889,166700.0,,,-16.216216216216218,,,-0.031439348435789397,,metro
30780,2.6943802925327276,133400.0,-10.22700678680084,3836.0,-17.543859649122805,,-0.08534854148867958,-0.1575915136871307,0.12147002758790515,metro
30820,6.044376434583021,138600.0,-10.303030303030303,148.0,,,-0.09029512277619742,,,metro
30860,,,-32.173913043478265,234.0,,,-1.513356100104031,,,metro
30880,,,,,,,,,,metro
30900,,,,,,,,,,metro
30940,5.062082139446034,110000.0,,,,,,,,metro
30980,,,21.1120764552563,1394.0,,,1.953774751167532,,,metro
31020,12.919254658385103,181800.0,-3.9087947882736174,295.0,,,0.3257551642140759,,,metro
31060,,,,,,,,,,metro
31080,6.7184334908845456,632200.0,-22.17403090268365,14355.0,-17.500000000000004,,-0.8626991412001919,-0.15342398679936373,0.5080615639997778,metro
31140,3.038674033149169,149200.0,-10.191534641759281,3798.0,-13.677811550151976,,-0.08304049448436729,0.20975888067535708,-0.0633591930954949,metro
31180,,,8.113391984359719,1106.0,-12.5,,1.1079963321318798,0.32167407840613577,-0.7148352052690078,metro
31220,,,-24.468085106382976,284.0,,,-1.0119651336112747,,,metro
31260,,,,,,,,,,metro
31300,1.1034482758620623,73300.0,-13.194444444444443,250.0,,,-0.27842921332804715,,,metro
31340,4.768583450210384,149400.0,-19.83173076923077,1334.0,-20.518358531317492,,-0.710293956797548,-0.4402272464644539,0.5752606016310009,metro
31380,-1.1111111111111072,71200.0,,,,,,,,metro
31420,6.364513018322082,110300.0,-19.252873563218387,843.0,-8.764044943820226,,-0.6726297659600287,0.6766630821832783,-0.002016658111624825,metro
31460,10.47663992449268,234100.0,3.3573141486810565,431.0,-22.418136020151135,,0.7985351707599588,-0.6207433683176189,-0.08889590122116997,metro
31500,4.166666666666674,112500.0,-9.411764705882353,154.0,,,-0.03230362299139915,,,metro
31540,5.780346820809257,237900.0,-15.077926785067053,2343.0,-17.0028818443804,,-0.4009807469005429,-0.10618801201668379,0.25358437945861334,metro
31580,6.900212314225063,100700.0,,,,,,,,metro
31620,,,,,,,,,,metro
31660,1.6129032258064502,88200.0,,,,,,,,metro
31680,-5.08149568552253,99000.0,-13.903743315508022,161.0,,,-0.32458078190678263,,,metro
31700,7.857432158768729,266300.0,-20.43539325842697,1133.0,-14.77272727272727,,-0.7495721396695624,0.10572041240363643,0.321925863632963,metro
31740,1.2612612612612706,168600.0,0.0,460.0,,,0.5800866147360709,,,metro
31820,,,-27.807486631016044,405.0,,,-1.229248178549636,,,metro
31860,3.8285714285714256,181700.0,-6.774193548387098,289.0,,,0.13931380250077488,,,metro
31900,6.9459757442116965,97000.0,,,,,,,,metro
31930,-1.523656776263027,122800.0,-14.529914529914533,200.0,,,-0.36532352790943595,,,metro
31940,12.35356762513311,105500.0,,,,,,,,metro
31980,11.703703703703706,75400.0,-18.333333333333336,245.0,,,-0.6127985358372303,,,metro
32000,-1.1650485436893177,101800.0,-15.02347417840375,181.0,,,-0.39743770839697956,,,metro
32020,4.691358024691361,84800.0,-32.786885245901644,164.0,,,-1.5532400330850342,,,metro
32100,2.6200873362445476,141000.0,,,,,,,,metro
32140,2.98146655922642,127800.0,,,,,,,,metro
32180,,,,,,,,,,metro
32220,,,18.73015873015873,374.0,,,1.7987917902135562,,,metro
32260,5.632306057385761,99400.0,-35.13513513513513,72.0,,,-1.7060323470505991,,,metro
32280,7.983761840324766,79800.0,-7.741935483870965,143.0,,,0.07634625789573282,,,metro
32300,1.2016021361815676,75800.0,-14.806378132118446,374.0,,,-0.38331203658632973,,,metro
32340,,,,,,,,,,metro
32380,,,-5.862068965517242,273.0,,,0.19866252270322857,,,metro
32460,,,,,,,,,,metro
32500,,,,,,,,,,metro
32540,7.657142857142851,94200.0,-0.512820512820511,388.0,,,0.5467191979368179,,,metro
32580,,,24.77592829705506,1949.0,-14.367269267364414,,2.192168630584753,0.1442468751776312,-1.168207752881192,metro
32620,-6.325301204819278,93300.0,-7.5268817204301115,172.0,,,0.0903390455857418,,,metro
32660,11.734693877551017,87600.0,,,,,,,,metro
32700,0.4702194357366851,128200.0,,,,,,,,metro
32740,,,-8.54166666666667,439.0,,,0.02431057867351002,,,metro
32780,8.81180223285487,272900.0,4.176904176904173,848.0,-16.11111111111111,,0.8518629948086118,-0.02145230202005802,-0.4152053463942769,metro
32820,6.484641638225264,124800.0,-8.357418111753368,3805.0,-15.186246418338111,,0.03629898041009183,0.06642798320260805,-0.05136348180634994,metro
32860,8.860759493670889,154800.0,-12.71929824561403,199.0,,,-0.24751313087698454,,,metro
32900,13.481071098799635,245800.0,-0.5390835579514808,369.0,-4.878048780487809,,0.5450103544888777,1.045908933902323,-0.7954596441956003,metro
32940,,,,,,,,,,metro
32980,,,-12.857142857142856,305.0,,,-0.25648219215949075,,,metro
33020,-4.401228249744116,93400.0,48.67256637168143,168.0,,,3.7470383419218267,,,metro
33060,2.7065527065527117,72100.0,,,,,,,,metro
33100,7.003257328990231,262800.0,-2.5108729767295834,43486.0,3.603603603603611,,0.41671299170426174,1.8518322613878118,-1.1342726265460368,metro
33140,,,-21.489361702127663,369.0,,,-0.8181501381602938,,,metro
33180,,,,,,,,,,metro
33220,2.7485852869846505,127100.0,-7.44920993227991,410.0,,,0.09539287409680638,,,metro
33260,6.424433912585581,202100.0,,,-16.036505867014338,,,-0.014363340595145848,,metro
33300,2.4582967515364373,116700.0,-25.260416666666664,287.0,,,-1.0635193455708922,,,metro
33340,3.7554164660568157,215500.0,-3.336401288541191,4201.0,-18.592964824120607,,0.36299878454764833,-0.25727708145483713,-0.0528608515464056,metro
33420,,,-14.536340852130325,341.0,,,-0.36574166596456414,,,metro
33460,5.118443316412868,248500.0,-9.501066964739358,8906.0,-19.10112359550562,,-0.038114205091572304,-0.30556213127528176,0.17183816818342704,metro
33500,-1.764705882352946,200400.0,,,,,,,,metro
33540,8.92116182572613,262500.0,11.368909512761016,480.0,,,1.3198213421533889,,,metro
33620,0.7177033492822948,84200.0,-29.36507936507936,89.0,,,-1.3305952281735454,,,metro
33660,3.429101019462455,111600.0,-15.43506777437691,1934.0,-16.430020283975654,,-0.42421864778102214,-0.051754928220904176,0.23798678800096315,metro
33700,10.02304147465438,286500.0,-22.770199370409237,736.0,-20.124804992199685,,-0.9014897146032768,-0.4028319414665245,0.6521608280349006,metro
33740,,,26.405451448040896,742.0,,,2.2981959380025576,,,metro
33780,4.147157190635453,155700.0,-21.86046511627907,672.0,-43.47399411187438,,-0.8422965246367448,-2.6214628564414726,1.7318796905391087,metro
33860,2.5023169601482875,110600.0,-4.5767517213446745,2356.0,-17.16417910447762,,0.28229356930409694,-0.12151441525571106,-0.08038957702419294,metro
33940,12.286689419795227,230300.0,-14.093959731543626,256.0,,,-0.3369574912568269,,,metro
33980,,,-8.955223880597018,1220.0,,,-0.0025981263852160592,,,metro
34020,,,-3.8834951456310662,198.0,,,0.32740132246988196,,,metro
34060,-8.124618204031764,150400.0,8.379120879120872,789.0,,,1.1252863713667252,,,metro
34100,2.996575342465757,120300.0,-12.391930835734865,608.0,,,-0.22621249149372089,,,metro
34140,3.165735567970196,221600.0,,,,,,,,metro
34180,4.241071428571419,140100.0,,,,,,,,metro
34220,11.383108935128528,91000.0,,,,,,,,metro
34260,8.995633187772922,124800.0,-22.49589490968801,472.0,,,-0.8836416936252566,,,metro
34300,7.067669172932334,142400.0,-31.818181818181824,120.0,,,-1.4902099275812286,,,metro
34340,-4.147880973850315,106300.0,,,,,,,,metro
34380,,,-23.788546255506603,173.0,,,-0.9677499442777435,,,metro
34420,,,3.267973856209161,158.0,,,0.7927221139469988,,,metro
34460,5.027932960893855,112800.0,-16.51785714285714,187.0,,,-0.49467192190058806,,,metro
34500,-4.1265474552957375,69700.0,,,,,,,,metro
34540,1.724137931034475,135700.0,-17.11026615969582,218.0,,,-0.5332178811325475,,,metro
34580,10.384615384615392,315700.0,-17.365269461077848,414.0,-27.176781002638517,,-0.5498100439452269,-1.0729079731535414,0.8113590085493841,metro
34620,7.471980074719808,86300.0,-3.6170212765957444,453.0,,,0.34473983454559376,,,metro
34660,4.147465437788012,135600.0,-1.2448132780082943,238.0,,,0.4990910179412036,,,metro
34700,1.9330855018587334,137100.0,,,,,,,,metro
34740,5.365402405180397,113900.0,-25.555555555555554,402.0,-14.28571428571429,,-1.0827229890933787,0.15199619797559996,0.4653633955588894,metro
34780,,,,,,,,,,metro
34820,4.894259818731128,173600.0,-14.679340632896166,7091.0,-15.695067264573993,,-0.37504615587424467,0.018080023286029645,0.1784830662941075,metro
34860,,,-23.456790123456795,124.0,,,-0.9461637462668062,,,metro
34900,5.596234309623438,605700.0,-19.999999999999996,204.0,-13.623188405797105,,-0.7212426404348028,0.21494915071504503,0.25314674485987887,metro
34940,-1.844140392623439,330000.0,-11.141510867913052,5846.0,17.6056338028169,,-0.1448520872249035,3.1822997527068524,-1.5187238327409744,metro
34980,12.135922330097081,231000.0,22.687186581359153,7095.0,-18.197573656845755,,2.0562615955282086,-0.21970716574051197,-0.9182772148938483,metro
35020,,,,,,,,,,metro
35060,5.437178545187371,143500.0,25.47169811320755,133.0,,,2.2374399114159575,,,metro
35100,-1.026392961876832,135000.0,-14.164305949008494,909.0,,,-0.34153467079570915,,,metro
35140,,,-6.779661016949157,165.0,,,0.13895805366119818,,,metro
35220,9.66850828729282,79400.0,-24.463519313304715,176.0,,,-1.0116680536059848,,,metro
35260,2.483069977426644,90800.0,1.1784511784511675,601.0,,,0.6567642644515258,,,metro
35300,2.3731968357375566,220000.0,-7.9973416038989775,4153.0,-15.7502329916123,,0.05972788509862602,0.012838197249718731,-0.03628304117417237,metro
35380,,,31.852221667498746,5282.0,-17.85714285714286,,2.6525980096412565,-0.18735956288547084,-1.2326192233778928,metro
35420,0.8833922261484162,114200.0,-6.101694915254241,277.0,,,0.18307090976868548,,,metro
35440,0.8165019338203683,234600.0,-14.72868217054264,660.0,,,-0.3782566351959683,,,metro
35460,,,-15.81395348837209,181.0,,,-0.44887140098043377,,,metro
35500,1.235521235521242,131100.0,-9.554140127388532,142.0,,,-0.04156748805256289,,,metro
35580,,,,,,,,,,metro
35620,6.940298507462694,429900.0,-15.434679151607133,65747.0,-14.701130856219713,,-0.4241933614720454,0.1125234761953139,0.15583494263836575,metro
35660,8.862745098039216,138800.0,-7.196710075394108,1354.0,-26.582278481012654,,0.11182214663140401,-1.0164185735966937,0.4522982134826449,metro
35700,6.578947368421062,137700.0,,,,,,,,metro
35740,9.4488188976378,152900.0,,,,,,,,metro
35820,2.476329206118,140700.0,7.692307692307687,154.0,,,1.0805978667248684,,,metro
35840,0.7777322963569366,246200.0,-4.7259221311475414,7439.0,3.2258064516129004,,0.272587578389982,1.8159341221976248,-1.0442608502938033,metro
35860,9.227683049147451,108900.0,-30.76923076923077,45.0,,,-1.4219583932191195,,,metro
35900,,,-15.277777777777779,183.0,,,-0.41398434407501333,,,metro
35940,,,-6.593406593406592,170.0,,,0.15107697017424446,,,metro
35980,3.6011080332410073,224400.0,-4.456018518518523,1651.0,-36.60637381567614,,0.29014925174950446,-1.9689042333835125,0.839377490817004,metro
36020,6.580565805658067,346600.0,,,,,,,,metro
36100,10.046012269938643,143500.0,-11.437677053824357,2501.0,-3.157894736842104,,-0.16412257333084138,1.209357305500621,-0.5226173660848898,metro
36140,5.877088305489253,354900.0,-19.552734965246298,2662.0,-22.769640479360852,,-0.6921406867078025,-0.6541431860139474,0.6731419363608749,metro
36220,-0.4569687738004591,130700.0,,,,,,,,metro
36260,8.733424782807496,237800.0,-14.136904761904766,1154.0,-22.818791946308725,,-0.33975177247548455,-0.6588135393837367,0.49928265592961063,metro
36300,-1.2345679012345734,80000.0,-17.010309278350512,644.0,,,-0.5267140404350329,,,metro
36340,-1.5068493150684925,71900.0,,,,,,,,metro
36380,10.717372515125323,128100.0,,,,,,,,metro
36420,0.3681885125184081,136300.0,6.256239600665547,6386.0,-10.76115485564304,,0.987157995721302,0.48689847116132945,-0.7370282334413157,metro
36460,7.040229885057481,74500.0,-15.877862595419845,551.0,,,-0.4530297405140884,,,metro
36500,8.697318007662824,283700.0,-27.375000000000004,581.0,-30.65326633165829,,-1.2011078032790627,-1.4032422638600608,1.3021750335695619,metro
36540,7.334643091028159,163900.0,-11.289658014009063,2153.0,-18.954248366013072,,-0.15449149798914416,-0.2916061038035772,0.2230488008963607,metro
36580,1.2411347517730542,114200.0,-0.8849557522123908,448.0,,,0.5225056742417845,,,metro
36620,9.492753623188399,151100.0,3.750000000000009,249.0,,,0.8240858500806104,,,metro
36660,0.9490940465918918,117000.0,4.0000000000000036,286.0,,,0.8403524657702459,,,metro
36700,6.634499396863691,88400.0,7.046070460704601,395.0,,,1.0385494959615817,,,metro
36740,7.773319959879643,214900.0,-12.743199631166435,9463.0,-1.2987012987012991,,-0.24906830948990769,1.3860171465613123,-0.5684744185357022,metro
36780,5.6478405315614655,159000.0,-4.430379746835444,453.0,,,0.29181747593239626,,,metro
36820,7.236842105263164,114100.0,,,,,,,,metro
36830,10.876132930513593,146800.0,7.317073170731714,44.0,,,1.0561826837010253,,,metro
36840,4.050144648023135,107900.0,-2.752293577981646,106.0,,,0.4010046071437492,,,metro
36860,2.4494142705005384,96200.0,-14.946962391513985,882.0,,,-0.39245935706472695,,,metro
36900,,,10.596026490066235,167.0,,,1.2695325777405082,,,metro
36940,7.2978303747534445,163200.0,-21.09375,101.0,,,-0.7924090840769601,,,metro
36980,11.44781144781144,132400.0,,,,,,,,metro
37020,8.498583569405094,114900.0,-19.999999999999996,228.0,,,-0.7212426404348028,,,metro
37060,4.152445961319673,183100.0,36.22754491017963,455.0,,,2.937284816467743,,,metro
37080,8.912280701754383,155200.0,-20.398009950248753,160.0,,,-0.7471397400401932,,,metro
37100,5.6165386022685615,577300.0,-31.47540983606557,1254.0,-10.967741935483865,,-1.4679069671721892,0.4672686467755635,0.5003191601983128,metro
37120,,,-10.441767068273089,223.0,,,-0.09932223334510798,,,metro
37140,4.292682926829272,106900.0,2.7972027972027913,735.0,,,0.7620907063683606,,,metro
37220,,,-27.70448548812665,274.0,,,-1.2225462585217362,,,metro
37260,3.2169117647058876,112300.0,-22.84382284382285,331.0,,,-0.9062801335942983,,,metro
37300,,,-9.909909909909908,200.0,,,-0.0647161693576052,,,metro
37340,11.801242236024834,198000.0,6.759294029290275,2843.0,6.576728499156825,,1.0198899679669335,2.1343374384861384,-1.5771137032265359,metro
37420,,,5.185185185185182,142.0,,,0.9174682734840751,,,metro
37460,3.6692223439211302,189300.0,-19.999999999999996,1872.0,-18.43137254901961,,-0.7212426404348028,-0.2419226460043095,0.48158264321955613,metro
37500,-1.0587102983638075,102800.0,-8.947368421052627,173.0,,,-0.0020869994193196857,,,metro
37540,-10.81081081081081,82500.0,,,,,,,,metro
37580,2.583025830258312,83400.0,-25.757575757575758,147.0,,,-1.0958677290446002,,,metro
37620,2.9501525940996975,101200.0,-5.594405594405593,405.0,,,0.21607843147149092,,,metro
37660,,,1.680672268907557,121.0,,,0.6894420143302616,,,metro
37740,6.621773288439958,190000.0,-15.098468271334797,388.0,,,-0.4023173087517882,,,metro
37780,8.14094775212637,89000.0,,,,,,,,metro
37860,6.831882116543864,159500.0,-19.340584636301838,2373.0,-17.307692307692314,,-0.678336815230325,-0.13515098429146014,0.40674389976089254,metro
37900,-3.771929824561404,109700.0,-5.275229357798161,2478.0,-0.7360672975814886,,0.2368461001841205,1.4394784116314825,-0.8381622559078015,metro
37940,0.7978723404255428,75800.0,,,,,,,,metro
37980,4.110228865016352,222900.0,-11.257598784194533,23357.0,-15.011547344110854,,-0.15240551730634944,0.08302782163432045,0.034688847836014496,metro
38060,6.472632493483932,245100.0,-12.789017341040465,18105.0,-14.482758620689651,,-0.252049505803108,0.13327312151430026,0.059388192144403856,metro
38100,4.451266308518798,136100.0,-3.4852546916890104,360.0,,,0.35331342013524825,,,metro
38180,,,,,,,,,,metro
38220,,,,,,,,,,metro
38240,7.896160086533266,199500.0,-18.52472757753563,972.0,,,-0.6252518822998184,,,metro
38260,2.170542635658923,65900.0,-6.866952789699576,217.0,,,0.13327828678040574,,,metro
38300,5.060422960725086,139100.0,-12.307830621235283,9754.0,-21.908893709327547,,-0.2207403880189983,-0.5723553609990062,0.39654787450900225,metro
38340,2.4499999999999966,204900.0,-12.751091703056773,999.0,-30.841121495327105,,-0.24958181869164806,-1.421092188819644,0.835337003755646,metro
38380,,,15.476190476190466,97.0,,,1.5870675859992465,,,metro
38420,4.734693877551011,128300.0,-26.66666666666667,176.0,,,-1.1550190588250948,,,metro
38460,7.223672758920796,123200.0,5.1724137931034475,305.0,,,0.9166372841768141,,,metro
38500,5.3642914331465175,131600.0,-21.886792452830186,207.0,,,-0.8440095512999796,,,metro
38540,7.627765064836001,141100.0,-33.44155844155844,205.0,,,-1.595837302189254,,,metro
38580,,,,,,,,,,metro
38620,,,5.701754385964919,241.0,,,0.9510796041488205,,,metro
38700,4.313280363223604,91900.0,-8.070175438596493,262.0,,,0.054988845105718186,,,metro
38740,,,,,,,,,,metro
38780,,,-9.523809523809524,114.0,,,-0.039593982964345194,,,metro
38820,12.109375,258300.0,-17.24137931034483,336.0,,,-0.5417489500664067,,,metro
38840,2.3222060957909907,141000.0,-15.969581749049432,442.0,,,-0.45899758140797303,,,metro
38860,10.291184682887922,276500.0,-15.070328198258542,2536.0,-19.51515151515152,,-0.4004863337349494,-0.34490290398824675,0.37269461886159805,metro
38900,5.568117580553977,373500.0,2.3569598633646383,5993.0,-19.277108433734934,,0.7334456559090684,-0.3222841425049318,-0.2055807567020683,metro
38920,,,,,,,,,,metro
38940,7.985757884028488,212300.0,-11.555446516192347,3605.0,-1.7721518987341756,,-0.17178541566810193,1.3410300537521118,-0.5846223190420049,metro
39020,-1.0781671159029615,73400.0,,,,,,,,metro
39060,2.0775623268697974,73700.0,-17.13483146067416,590.0,,,-0.5348162583738072,,,metro
39140,7.43423560808234,281800.0,-24.77924944812362,1363.0,-15.789473684210531,,-1.032211496664929,0.009109561823570098,0.5115509674206794,metro
39220,,,,,,,,,,metro
39260,17.689207344379753,262800.0,-14.70588235294118,174.0,,,-0.37677313171310123,,,metro
39300,6.91775557263643,278200.0,-12.306169580996373,5316.0,-18.483412322274884,,-0.22063231000615285,-0.24686744512177217,0.2337498775639625,metro
39340,8.220271348762974,271200.0,18.686006825938573,1391.0,-12.703583061889246,,1.7959189819818966,0.30232969464369736,-1.049124338312797,metro
39380,8.908685968819597,146700.0,-19.02985074626866,434.0,-22.510231923601644,,-0.6581184601466639,-0.6294942854261568,0.6438063727864103,metro
39420,,,-20.114942528735636,139.0,,,-0.7287215442001531,,,metro
39460,3.825136612021862,209000.0,-12.03791469194313,1856.0,12.440191387559807,,-0.20317791325777268,2.6914814132230394,-1.2441517499826333,metro
39500,3.0018761726078758,109800.0,-5.755395683453235,262.0,,,0.20560337583797786,,,metro
39540,6.99394754539342,159100.0,-20.054200542005418,590.0,,,-0.7247692779826914,,,metro
39580,5.731046931407935,234300.0,8.515283842794762,4473.0,-13.698630136986301,,1.1341460137717052,0.20778070661029696,-0.6709633601910011,metro
39660,3.9978094194961677,189900.0,-4.225352112676061,680.0,,,0.3051578988549001,,,metro
39700,9.090909090909083,64800.0,,,,,,,,metro
39740,5.860805860805862,173400.0,-22.113365990202936,1113.0,-20.952380952380956,,-0.8587518899315152,-0.48146788896506554,0.6701098894482904,metro
39780,12.811594202898547,194600.0,-20.353982300884955,90.0,,,-0.7442750166325175,,,metro
39820,4.814004376367609,239500.0,-5.841924398625431,548.0,-18.607764390896918,,0.19997325841468155,-0.25868333056309817,0.029355036074208307,metro
39860,1.3279445727482742,175500.0,-21.973094170403584,174.0,,,-0.8496248987924675,,,metro
39900,8.944426175600139,331300.0,-33.48982785602503,1275.0,-29.085872576177284,,-1.598978022248021,-1.2543091157312194,1.4266435689896202,metro
39940,7.619610159480206,182200.0,-19.24528301886792,214.0,,,-0.6721358760887319,,,metro
39980,4.967320261437913,80300.0,,,,,,,,metro
40060,5.926294820717137,212700.0,-7.650392327811684,4237.0,-19.137466307277627,,0.08230264725026362,-0.3090154016847222,0.11335637721722928,metro
40080,12.287194670614365,151700.0,-5.854800936768145,402.0,,,0.1991354276251597,,,metro
40100,6.064356435643559,85700.0,,,,,,,,metro
40140,6.900878293600998,340800.0,-17.39441195581547,12713.0,-20.22160664819944,,-0.5517062429937636,-0.4120299973613589,0.48186812017756125,metro
40180,3.5247299602046533,182100.0,-3.164556962025311,306.0,,,0.3741800870191609,,,metro
40220,3.3444816053511683,154500.0,-17.808219178082197,1680.0,-25.16875602700096,,-0.578631215210598,-0.8821062169915967,0.7303687161010974,metro
40260,2.7932960893854775,73600.0,,,,,,,,metro
40300,,,-5.782312925170063,277.0,,,0.20385196613224715,,,metro
40340,13.224535734383803,201200.0,-11.449275362318845,611.0,-18.446601941747577,,-0.16487723423856007,-0.24336973700817188,0.20412348562336596,metro
40380,1.1502516175413424,140700.0,-16.629499840713603,2617.0,-10.344827586206895,,-0.501936117342929,0.5264577272016097,-0.012260804929340341,metro
40420,6.578947368421062,113400.0,-26.95035460992907,1030.0,-13.725490196078427,,-1.1734776298204255,0.2052284741891021,0.4841245778156617,metro
40460,,,-16.483516483516482,152.0,,,-0.49243749666849534,,,metro
40540,,,,,,,,,,metro
40580,0.7537688442211143,80200.0,,,,,,,,metro
40620,,,,,,,,,,metro
40660,7.5240594925634285,122900.0,-16.635160680529303,441.0,,,-0.5023044481659794,,,metro
40700,10.496894409937884,177900.0,-18.34415584415584,503.0,,,-0.6135027183346167,,,metro
40740,,,-0.3816793893129722,261.0,,,0.5552520869656347,,,metro
40780,5.741626794258381,110500.0,-4.6632124352331665,368.0,,,0.27666787648379426,,,metro
40820,12.602100350058354,193000.0,26.470588235294112,86.0,,,2.3024341583445804,,,metro
40860,3.034215622982561,159600.0,-19.82323232323232,635.0,,,-0.7097409929774845,,,metro
40900,8.167895632444688,381400.0,-22.503082614056723,3771.0,-22.112211221122113,,-0.884109372123883,-0.5916745122942051,0.737891942209044,metro
40940,1.708185053380773,142900.0,-27.77777777777778,91.0,,,-1.2273151285568096,,,metro
40980,7.422402159244257,79600.0,,,-30.5050505050505,,,-1.3891588533692218,,metro
41060,2.5210084033613356,170800.0,-5.1314142678347885,758.0,-24.494382022471907,,0.24620363937933892,-0.8180274600362691,0.2859119103284651,metro
41100,8.112874779541457,245200.0,-17.907634307257304,871.0,-19.65566714490674,,-0.5850998060107059,-0.3582546447538143,0.4716772253822601,metro
41140,,,-8.848080133555925,546.0,,,0.004373338241444029,,,metro
41180,1.2080536912751683,150800.0,-10.554308983628358,10763.0,-12.947658402203855,,-0.10664493768934678,0.27913775025412846,-0.08624640628239083,metro
41220,4.425363276089822,158100.0,-14.102564102564108,335.0,,,-0.3375173472433918,,,metro
41400,8.490566037735858,92000.0,-12.660944206008583,407.0,,,-0.2437162399321861,,,metro
41420,11.731356301788054,256200.0,-26.333113890717573,1119.0,-27.913279132791324,,-1.1333159595507936,-1.1428897404861547,1.1381028500184742,metro
41460,6.6471163245356735,109100.0,-15.238095238095239,178.0,,,-0.41140234158459493,,,metro
41500,5.4652580251930205,519100.0,,,-12.994350282485879,,,0.2747011058575692,,metro
41540,4.347826086956519,189600.0,-19.02782797253343,4481.0,-9.414758269720103,,-0.6579868454147515,0.6148325537555849,0.02157714582958331,metro
41620,9.0800477897252,273900.0,-4.379562043795615,1834.0,-19.031141868512115,,0.29512400411471207,-0.2989124946564111,0.001894245270849526,metro
41660,-0.23437499999999778,127700.0,-6.762295081967218,455.0,,,0.14008799362296778,,,metro
41700,7.32484076433122,168500.0,7.4286476393705,8055.0,-13.043478260869568,,1.0634424397095152,0.2700329843620595,-0.6667377120357874,metro
41740,7.068410081485688,565000.0,-20.19148572405539,4668.0,-21.355932203389827,,-0.7337019391678458,-0.5198131726781802,0.626757555923013,metro
41760,0.8267879288962332,243900.0,-13.076923076923075,452.0,,,-0.2707825136448849,,,metro
41780,-0.7955449482895838,124700.0,-21.855670103092784,379.0,,,-0.8419845300898325,,,metro
41820,1.8047579983593076,124100.0,-27.17086834733894,260.0,,,-1.1878256787033519,,,metro
41860,9.539275833032601,910600.0,-27.139423076923073,3031.0,-27.86885245901639,,-1.1857796461869057,-1.1386683351353573,1.1622239906611314,metro
41940,21.216509775524983,1171800.0,-40.616966580976865,924.0,-32.321041214750544,,-2.0627157286700744,-1.561713587891152,1.8122146582806131,metro
42020,7.284529390551753,595000.0,-12.067260138476755,889.0,-9.413369713506137,,-0.20508731766178565,0.6149644938297217,-0.20493858808396803,metro
42100,8.064516129032251,790600.0,-6.764705882352939,317.0,-19.23076923076923,,0.13993113136945196,-0.3178810093704976,0.08897493900052283,metro
42140,0.7061197041022149,299500.0,-4.823889739663089,1243.0,-22.315592903828197,,0.2662131726389615,-0.6109997610845849,0.1723932942228117,metro
42200,4.134598174333282,581800.0,-20.02053388090349,779.0,-9.423347398030945,,-0.7225787074318982,0.6140164181071284,0.05428114466238493,metro
42220,8.967674661105306,627000.0,-22.025723472668812,485.0,-6.719367588932801,,-0.853049301328316,0.8709475332385809,-0.008949115955132425,metro
42300,,,,,,,,,,metro
42340,5.5210918114144025,170100.0,-13.891691893710057,2560.0,-18.012422360248447,,-0.32379663851917784,-0.20211416118377787,0.26295539985147787,metro
42380,,,,,,,,,,metro
42420,-3.70967741935484,119400.0,,,,,,,,metro
42460,,,-7.307692307692304,241.0,,,0.10460092534671342,,,metro
42540,4.923903312444056,117200.0,-19.414385741565887,2532.0,-4.0000000000000036,,-0.6831387920975276,1.129340789255484,-0.22310099857897825,metro
42620,6.999041227229141,111600.0,-9.352517985611508,378.0,,,-0.028448648473330323,,,metro
42660,12.472963229992784,468000.0,-20.057845263919017,5528.0,-27.915194346289752,,-0.7250064271453478,-1.1430717233316663,0.934039075238507,metro
42680,9.642470205850495,202400.0,-5.266418835192066,1529.0,2.9601029601029616,,0.2374193697251533,1.7906870792506813,-1.0140532244879172,metro
42700,8.071748878923767,120500.0,-12.923462986198242,694.0,-16.781157998037287,,-0.26079740836681486,-0.08511989793517685,0.17295865315099584,metro
42740,,,-16.201117318435752,150.0,,,-0.47406278191072626,,,metro
42780,0.3217503217503248,155900.0,,,,,,,,metro
42860,7.016300496102046,151000.0,-14.385150812064962,738.0,,,-0.35590426485318855,,,metro
42900,15.307150050352458,114500.0,-10.144927536231885,124.0,,,-0.08000793498828543,,,metro
42940,5.683836589698044,178500.0,-13.013698630136982,1016.0,-21.126760563380287,,-0.2666687225326481,-0.4980373721244795,0.3823530473285638,metro
42980,4.384328358208944,111900.0,-19.07894736842105,123.0,,,-0.6613130036835126,,,metro
43020,10.435571687840284,121700.0,-21.356783919597987,313.0,,,-0.8095237708107164,,,metro
43060,-4.2797494780793315,91700.0,9.059233449477343,313.0,,,1.169538890597442,,,metro
43100,4.4960116026105945,144100.0,-8.966861598440545,467.0,,,-0.00335535151987636,,,metro
43140,2.9980657640232167,106500.0,40.601503759398504,374.0,,,3.2218828470378456,,,metro
43180,13.17715959004393,154600.0,,,,,,,,metro
43220,8.643042350907514,251400.0,-23.670212765957444,287.0,,,-0.9600504026869047,,,metro
43260,5.8852140077821025,217700.0,,,,,,,,metro
43300,,,-5.47945205479452,552.0,,,0.22355805167555756,,,metro
43320,-0.28200789622109257,176800.0,-21.23348017621145,894.0,,,-0.8015008323836672,,,metro
43340,0.8190008190008147,123100.0,8.552958727001503,2183.0,-17.26907630522089,,1.1365973852218754,-0.13148170667943118,-0.5025578392712221,metro
43380,3.1796502384737746,129800.0,,,,,,,,metro
43420,2.5796661608497695,135200.0,-6.779661016949157,715.0,-26.697674418604656,,0.13895805366119818,-1.0273834509332007,0.44421269863600127,metro
43460,2.6694045174537884,100000.0,-14.465408805031444,136.0,,,-0.3611263685636176,,,metro
43500,-0.6111535523300238,130100.0,24.0,248.0,,,2.1416817209411194,,,metro
43580,5.59322033898304,124600.0,-10.195227765726678,414.0,,,-0.08328079299745457,,,metro
43620,9.257003654080398,179400.0,,,,,,,,metro
43660,,,,,,,,,,metro
43700,,,-13.111888111888115,497.0,,,-0.2730575647902889,,,metro
43740,-0.10570824524313016,94500.0,-9.42698706099815,490.0,,,-0.03329408779363841,,,metro
43760,,,-1.39211136890951,425.0,,,0.48950685219517504,,,metro
43780,6.086142322097388,113300.0,-17.059639389736482,1196.0,-9.782608695652172,,-0.529923776290403,0.5798795486265159,-0.024977886168056462,metro
43900,7.619863013698636,125700.0,0.14398848092151972,1391.0,-6.682867557715677,,0.5894554358676103,0.87441575208082,-0.7319355939742151,metro
43940,7.656004195070798,205300.0,-15.015974440894563,266.0,,,-0.3969497270056392,,,metro
43980,1.5859766277128484,121700.0,,,,,,,,metro
44020,,,10.747663551401864,237.0,,,1.2793990649447178,,,metro
44060,8.958333333333336,209200.0,-10.033320992225104,2430.0,-19.999999999999996,,-0.07274609194905844,-0.3909730194021126,0.23185955567558553,metro
44100,0.7317073170731714,123900.0,1.3902681231380276,1021.0,-16.807738814993954,,0.6705464437946218,-0.08764559687671564,-0.2914504234589531,metro
44140,5.092143549951511,216700.0,-17.020202020202024,1643.0,-17.757009345794394,,-0.5273577261542942,-0.1778449153846929,0.3526013207694936,metro
44180,2.172096908939025,122300.0,,,-17.086834733893554,,,-0.11416518309190579,,metro
44220,6.34095634095635,102300.0,,,-1.326259946949604,,,1.3833985344688227,,metro
44260,6.690140845070425,181800.0,2.4038461538461453,213.0,,,0.7364963809825696,,,metro
44300,1.9554342883128628,224200.0,-13.33333333333333,325.0,,,-0.2874662220445115,,,metro
44340,2.594514455151975,138400.0,-11.904761904761907,407.0,,,-0.19451413238944937,,,metro
44420,2.850627137970352,180400.0,-19.45945945945946,596.0,,,-0.6860715794842388,,,metro
44460,3.7754351556753996,423300.0,-28.240740740740744,465.0,,,-1.2574384909450242,,,metro
44500,,,-24.13793103448276,154.0,,,-0.9904831759873978,,,metro
44540,9.243027888446221,137100.0,-10.447761194029848,60.0,,,-0.09971224990543018,,,metro
44580,4.640371229698381,90200.0,,,,,,,,metro
44620,7.174603174603167,168800.0,-5.460750853242324,277.0,,,0.22477487270989358,,,metro
44660,6.6619915848527445,152100.0,3.703703703703698,308.0,,,0.821073513841788,,,metro
44700,10.223855663214177,329900.0,-12.272727272727268,772.0,-22.188449848024316,,-0.21845633730060138,-0.5989186771212371,0.4086875072109193,metro
44740,-5.595667870036102,104600.0,,,,,,,,metro
44780,3.3658104517271914,116700.0,-22.25433526011561,269.0,,,-0.8679242616823872,,,metro
44860,,,23.664122137404586,162.0,,,2.119827336503136,,,metro
44900,-0.14025245441795509,71200.0,-36.111111111111114,69.0,,,-1.7695356515446738,,,metro
44920,,,-16.244725738396625,794.0,,,-0.47690022754406924,,,metro
44940,-3.703703703703709,85800.0,-4.567699836867867,585.0,,,0.28288254340830177,,,metro
44980,6.810035842293916,89400.0,26.072607260726066,382.0,,,2.276538944084239,,,metro
45000,5.204944697462599,161700.0,-26.66666666666667,110.0,,,-1.1550190588250948,,,metro
45020,0.7863695937090354,76900.0,,,,,,,,metro
45060,2.5974025974025983,126400.0,-12.07834602829162,2424.0,-17.796610169491522,,-0.20580863729856988,-0.18160777032850287,0.19370820381353637,metro
45140,-1.8939393939393923,103600.0,5.624999999999991,338.0,,,0.9460854677528787,,,metro
45180,,,-20.45454545454546,385.0,,,-0.7508183053250505,,,metro
45220,2.799479166666674,157900.0,-21.8091697645601,1262.0,-26.95269526952695,,-0.838958917544436,-1.051615433505249,0.9452871755248424,metro
45300,7.988826815642458,193300.0,-12.431278701248305,13539.0,-6.628242074927959,,-0.2287727179197793,0.8796062443174923,-0.32541676319885654,metro
45340,,,,,,,,,,metro
45380,12.412831241283119,80600.0,,,,,,,,metro
45460,3.285151116951379,78600.0,-20.032051282051277,499.0,,,-0.723328103984756,,,metro
45500,10.118406889128085,102300.0,-20.13769363166954,464.0,,,-0.7302018779919176,,,metro
45520,1.3262599469495928,191000.0,14.942528735632177,100.0,,,1.5523441042315511,,,metro
45540,0.21204410517388084,236300.0,-21.84724689165186,440.0,,,-0.8414364615163044,,,metro
45580,6.568144499178974,64900.0,-32.71604938271605,109.0,,,-1.5486309940310996,,,metro
45620,6.525911708253362,111000.0,,,,,,,,metro
45660,5.864811133200787,106500.0,17.0940170940171,137.0,,,1.6923338413778442,,,metro
45700,5.229283990345945,130800.0,-8.284023668639051,155.0,,,0.041074497209673606,,,metro
45740,,,-25.365853658536587,153.0,,,-1.0703797576757694,,,metro
45780,3.908484270734025,109000.0,-6.292440018107737,2070.0,-28.301886792452834,,0.1706598006374939,-1.1798150899319986,0.5045776446472523,metro
45820,1.1605415860735047,104600.0,-15.468940316686963,694.0,-19.874804381846634,,-0.4264226142937764,-0.37907698021073877,0.40274979725225757,metro
45860,4.797867614393603,235900.0,-1.0734463276836137,1751.0,-3.0794165316045397,,0.5102412592325496,1.2168142741944545,-0.8635277667135021,metro
45900,,,-2.312464749012977,1732.0,,,0.42962271326397306,,,metro
45940,3.504880212954742,233300.0,-11.67840375586855,1505.0,-21.525885558583102,,-0.17978580832438684,-0.5359620747236817,0.3578739415240343,metro
45980,,,,,,,,,,metro
46020,7.40463724756919,430800.0,-3.492647058823528,525.0,-6.145251396648044,,0.3528324249543927,0.9254998316701082,-0.6391661283122505,metro
46060,7.993197278911568,190500.0,-12.48015242934265,2756.0,-12.772585669781932,,-0.23195275852870126,0.29577309354290754,-0.03191016750710314,metro
46100,4.156862745098033,132800.0,-14.940577249575549,501.0,-13.043478260869568,,-0.3920438984645817,0.2700329843620595,0.06100545705126109,metro
46140,2.225755166931642,128600.0,-1.1739594450373536,4630.0,-2.37467018469657,,0.5037012262255074,1.2837789993697786,-0.893740112797643,metro
46180,2.6666666666666616,115500.0,-11.77504393673111,502.0,,,-0.18607384305345961,,,metro
46220,6.841339155749626,146800.0,-16.54611211573237,923.0,,,-0.49651037304091794,,,metro
46300,5.248990578734869,156400.0,-6.307977736549164,505.0,,,0.169648816259172,,,metro
46340,,,7.923771313941819,1076.0,10.275689223057638,,1.0956583858418831,2.48581125512542,-1.7907348204836515,metro
46380,7.581128988273789,394500.0,-1.2903225806451646,306.0,,,0.49612988859601437,,,metro
46460,0.3284072249589487,61100.0,-3.960396039603964,194.0,,,0.3223976533160957,,,metro
46500,8.391003460207603,125300.0,,,,,,,,metro
46520,5.358525631098043,680300.0,-0.24683739586547349,3233.0,-4.207119741100329,,0.5640257785105742,1.1096603516029584,-0.8368430650567663,metro
46540,4.046762589928066,115700.0,-12.640239341810023,1168.0,-19.476268412438625,,-0.2423690476568898,-0.3412082466146302,0.29178864713575997,metro
46620,9.56848030018762,116800.0,,,,,,,,metro
46660,2.651839178785287,120000.0,-14.686825053995678,790.0,,,-0.3755331406809853,,,metro
46700,8.527945421149298,413600.0,,,-24.067796610169488,,,-0.7774934792303153,,metro
46740,,,-26.351351351351347,109.0,,,-1.1345026066039317,,,metro
46780,2.8436018957346043,86800.0,,,,,,,,metro
46860,2.2995649471721613,164600.0,-9.375,174.0,,,-0.0299114736252762,,,metro
46900,,,,,,,,,,metro
46980,5.037783375314864,125100.0,,,,,,,,metro
47020,,,-19.047619047619047,340.0,,,-0.6592745806647613,,,metro
47080,0.3707136237256714,108300.0,,,,,,,,metro
47180,2.0408163265306145,75000.0,,,,,,,,metro
47220,4.702424687729612,142500.0,-6.202393906420022,862.0,,,0.1765187826101742,,,metro
47240,5.71509009009008,751000.0,18.01801801801801,262.0,,,1.752455313088209,,,metro
47260,1.5532206486980282,222300.0,-5.959328028293543,10636.0,-10.619469026548678,,0.1923342195171635,0.5003614038152832,-0.3463478116662233,metro
47300,8.282716731087802,196100.0,-5.548037889039237,698.0,-20.119225037257827,,0.21909541404591007,-0.4023017363071624,0.09160316113062618,metro
47340,4.582843713278506,89000.0,,,,,,,,metro
47380,,,42.802303262955846,744.0,-15.981735159817356,,3.365081085975081,-0.009159049191301293,-1.6779610183918898,metro
47420,,,-15.217391304347828,39.0,,,-0.4100552098504637,,,metro
47460,11.972180824639844,225400.0,-30.487804878048784,228.0,,,-1.4036470059512371,,,metro
47540,4.315352697095443,125700.0,,,,,,,,metro
47580,6.968325791855201,118200.0,-16.412213740458014,876.0,-35.238095238095234,,-0.4877980793926996,-1.838890932409348,1.163344505901024,metro
47620,,,-20.329670329670336,145.0,,,-0.7426931226628947,,,metro
47660,6.172839506172845,154800.0,-10.833333333333329,214.0,,,-0.12480006514815212,,,metro
47700,2.271114265436469,144100.0,-15.32416502946955,431.0,,,-0.4170025984596871,,,metro
47780,6.6541705716963495,113800.0,-23.762376237623762,77.0,,,-0.9660471537837793,,,metro
47820,,,-5.432098765432103,383.0,,,0.2266391627143518,,,metro
47900,1.6078017923036425,385500.0,18.963352663358645,19899.0,-19.58762886597938,,1.8139648945836269,-0.35178967381815407,-0.7310876103827364,metro
47920,6.095238095238087,111400.0,-25.64102564102564,58.0,,,-1.0882842252265876,,,metro
47940,0.7575757575757569,119700.0,-0.12919896640827266,773.0,-30.069930069930074,,0.5716800949998248,-1.347813877997804,0.3880668914989896,metro
48020,3.9865244244806197,185200.0,-23.094688221709003,333.0,,,-0.9226030563619356,,,metro
48060,-0.07278020378457262,137300.0,-7.777777777777772,830.0,,,0.07401412661406478,,,metro
48100,-0.4137931034482789,72200.0,25.0,45.0,,,2.206748183699663,,,metro
48140,6.368960468521223,145300.0,-17.105263157894733,630.0,-22.00000000000022,,-0.5328923535021762,-0.5810122454843335,0.5569522994932549,metro
48180,1.7381228273464666,87800.0,-16.07142857142857,235.0,,,-0.46562439388338117,,,metro
48220,-1.6142050040355072,121900.0,7.14285714285714,120.0,,,1.0448470630113829,,,metro
48260,17.03296703296704,85200.0,-9.333333333333337,476.0,,,-0.02720037101033715,,,metro
48300,8.191252779836923,291900.0,-23.743718592964825,607.0,,,-0.9648331668424164,,,metro
48460,0.688468158347666,117000.0,-9.569377990430628,378.0,,,-0.04255896190071119,,,metro
48540,-0.969827586206895,91900.0,-1.6241299303944357,424.0,,,0.4744102251050253,,,metro
48580,9.743875278396441,197100.0,-9.748427672955973,861.0,,,-0.05420909140067566,,,metro
48620,,,-5.446623093681913,2170.0,-15.007429420505202,,0.22569411605119272,0.08341910514186227,-0.15455661059652748,metro
48660,,,-23.373173970783533,577.0,11.44578313253013,,-0.9407231389828787,2.596993125625244,-0.8281349933211826,metro
48700,1.8030513176144236,146800.0,-5.1219512195122,389.0,,,0.24681936646060296,,,metro
48780,,,,,,,,,,metro
48820,7.293035479632071,163300.0,,,,,,,,metro
48900,5.8309037900874605,217800.0,-5.221238938053096,2142.0,-14.348785871964676,,0.24035906581978095,0.14600316025619994,-0.19318111303799046,metro
48940,,,-13.11475409836066,106.0,,,-0.2732440443923712,,,metro
48980,3.565505804311764,124900.0,,,,,,,,metro
49020,2.3890784982935065,210000.0,0.5291005291005346,760.0,,,0.6145133146083166,,,metro
49080,5.225911812738171,193300.0,,,,,,,,metro
49100,5.294117647058827,143200.0,-14.02439024390244,141.0,,,-0.3324308507800907,,,metro
49180,4.31034482758621,133100.0,-10.217631870158616,2434.0,-28.22757111597374,,-0.08473854882411383,-1.1727536431100674,0.6287460959670906,metro
49220,10.701107011070121,120000.0,-22.297297297297302,345.0,,,-0.8707196494747009,,,metro
49260,4.651162790697683,117000.0,-2.6548672566371723,110.0,,,0.4073437932532113,,,metro
49300,9.648466716529548,146600.0,-14.685314685314687,244.0,,,-0.37543486633345197,,,metro
49340,6.234516928158551,257300.0,-15.005035246727093,2532.0,-14.871794871794874,,-0.396237952335733,0.09630704747532186,0.14996545243020556,metro
49380,,,,,,,,,,metro
49420,8.42406876790831,189200.0,-12.080536912751683,524.0,,,-0.20595119040069884,,,metro
49460,-3.0213270142180115,163700.0,,,,,,,,metro
49620,3.084515731030235,167100.0,5.414949970570926,1791.0,-21.99762187871581,,0.9324182553356013,-0.5807862773201242,-0.17581598900773854,metro
49660,5.078597339782354,86900.0,-9.06089508437271,2479.0,-23.95732298739088,,-0.00947377783033763,-0.7669963183426437,0.3882350480864907,metro
49700,12.691194708557262,272600.0,30.87557603686637,284.0,-8.626198083067093,,2.5890511330874206,0.6897612375509713,-1.639406185319196,metro
49740,-0.36231884057971175,137500.0,-2.0987654320987703,793.0,-0.7556675062972307,,0.4435273719094974,1.4376160073837878,-0.9405716896466426,metro
49780,5.161290322580636,114100.0,-21.411192214111917,323.0,,,-0.8130639260794629,,,metro
49820,8.08656036446469,94900.0,,,,,,,,metro
United_States,6.504904491481667,206300.0,-10.01437366172826,1245204.0,-17.17171717171717,,-0.07151325617491178,-0.122230679487891,0.0968719678314014,metro
